2026-09-03 15:38:25,638 - aqt.main - INFO - installer 20768 aqtinstall(aqt) v3.3.0 on Python 3.13.6 [CPython MSC v.1944 64 bit (AMD64)]
2026-09-03 15:38:25,639 - aqt.helper - DEBUG - helper 20768 Attempt to download checksum at https://download.qt.io/online/qtsdkrepository/windows_x86/desktop/qt6_6111/qt6_6111/Updates.xml.sha256
2026-09-03 15:38:27,281 - aqt.helper - DEBUG - helper 20768 Attempt to download checksum at https://download.qt.io/online/qtsdkrepository/windows_x86/desktop/qt6_6111/qt6_6111/Updates.xml.sha256
2026-09-03 15:38:28,973 - aqt.helper - DEBUG - helper 20768 Attempt to download checksum at https://download.qt.io/online/qtsdkrepository/windows_x86/desktop/qt6_6111/qt6_6111/Updates.xml.sha256
2026-09-03 15:38:30,624 - aqt.helper - DEBUG - helper 20768 Attempt to download checksum at https://download.qt.io/online/qtsdkrepository/windows_x86/desktop/qt6_6111/qt6_6111/Updates.xml.sha256
2026-09-03 15:38:32,659 - aqt.helper - DEBUG - helper 20768 Attempt to download checksum at https://download.qt.io/online/qtsdkrepository/windows_x86/desktop/qt6_6111/qt6_6111/Updates.xml.sha256
2026-09-03 15:38:34,335 - aqt.archives - WARNING - archives 20768 Failed to download checksum for the file 'online/qtsdkrepository/windows_x86/desktop/qt6_6111/qt6_6111/Updates.xml'. This may happen on unofficial mirrors.
2026-09-03 15:38:35,679 - aqt.main - ERROR - installer 20768 Failed to locate XML data for Qt version '6.11.1'.
==============================Suggested follow-up:==============================
* Please use 'aqt list-qt windows desktop' to show versions available.
2026-09-03 15:40:00,645 - aqt.helper - DEBUG - helper 15992 Attempt to download checksum at https://download.qt.io/online/qtsdkrepository/windows_x86/desktop/qt6_6111/qt6_6111/Updates.xml.sha256
2026-09-03 15:40:02,269 - aqt.helper - DEBUG - helper 15992 Attempt to download checksum at https://download.qt.io/online/qtsdkrepository/windows_x86/desktop/qt6_6111/qt6_6111/Updates.xml.sha256
2026-09-03 15:40:03,751 - aqt.helper - DEBUG - helper 15992 Attempt to download checksum at https://download.qt.io/online/qtsdkrepository/windows_x86/desktop/qt6_6111/qt6_6111/Updates.xml.sha256
2026-09-03 15:40:05,099 - aqt.helper - DEBUG - helper 15992 Attempt to download checksum at https://download.qt.io/online/qtsdkrepository/windows_x86/desktop/qt6_6111/qt6_6111/Updates.xml.sha256
2026-09-03 15:40:07,015 - aqt.helper - DEBUG - helper 15992 Attempt to download checksum at https://download.qt.io/online/qtsdkrepository/windows_x86/desktop/qt6_6111/qt6_6111/Updates.xml.sha256
2026-09-03 15:40:09,618 - aqt.main - ERROR - installer 15992 Failed to download checksum for the file 'Updates.xml' from mirrors '['https://download.qt.io']
==============================Suggested follow-up:==============================
* Check your internet connection
* Consider modifying `requests.max_retries_to_retrieve_hash` in settings.ini
* Consider modifying `mirrors.trusted_mirrors` in settings.ini (see https://aqtinstall.readthedocs.io/en/stable/configuration.html#configuration)
* Please use 'aqt list-qt windows desktop' to show versions of Qt available.
2026-09-03 15:49:54,566 - aqt.main - INFO - installer 21188 aqtinstall(aqt) v3.3.0 on Python 3.13.6 [CPython MSC v.1944 64 bit (AMD64)]
2026-09-03 15:49:54,567 - aqt.helper - DEBUG - helper 21188 Attempt to download checksum at https://download.qt.io/online/qtsdkrepository/windows_x86/desktop/tools_mingw1310/Updates.xml.sha256
2026-09-03 15:49:55,138 - aqt.main - INFO - installer 14188 aqtinstall(aqt) v3.3.0 on Python 3.13.6 [CPython MSC v.1944 64 bit (AMD64)]
2026-09-03 15:49:55,138 - aqt.helper - DEBUG - helper 14188 Attempt to download checksum at https://download.qt.io/online/qtsdkrepository/windows_x86/desktop/qt6_6111/qt6_6111/Updates.xml.sha256
2026-09-03 15:49:56,533 - aqt.helper - DEBUG - helper 14188 Attempt to download checksum at https://download.qt.io/online/qtsdkrepository/windows_x86/desktop/qt6_6111/qt6_6111/Updates.xml.sha256
2026-09-03 15:49:58,845 - aqt.helper - DEBUG - helper 21188 Attempt to download checksum at https://download.qt.io/online/qtsdkrepository/windows_x86/desktop/tools_mingw1310/Updates.xml.sha256
2026-09-03 15:49:59,062 - aqt.helper - DEBUG - helper 14188 Attempt to download checksum at https://download.qt.io/online/qtsdkrepository/windows_x86/desktop/qt6_6111/qt6_6111/Updates.xml.sha256
2026-09-03 15:50:01,042 - aqt.helper - DEBUG - helper 14188 Attempt to download checksum at https://download.qt.io/online/qtsdkrepository/windows_x86/desktop/qt6_6111/qt6_6111/Updates.xml.sha256
2026-09-03 15:50:02,064 - aqt.installer - INFO - installer 21188 DRY RUN: Would download and install the following:
2026-09-03 15:50:02,064 - aqt.installer - INFO - installer 21188   - qt.tools.win64_mingw1310: online/qtsdkrepository/windows_x86/desktop/tools_mingw1310/qt.tools.win64_mingw1310/13.1.0-202407240918mingw1310.7z
2026-09-03 15:50:02,064 - aqt.installer - INFO - installer 21188 Total packages: 1
2026-09-03 15:50:02,065 - aqt.main - INFO - installer 21188 Finished installation
2026-09-03 15:50:02,065 - aqt.main - INFO - installer 21188 Time elapsed: 7.49869640 second
2026-09-03 15:50:02,494 - aqt.helper - DEBUG - helper 14188 Attempt to download checksum at https://download.qt.io/online/qtsdkrepository/windows_x86/desktop/qt6_6111/qt6_6111/Updates.xml.sha256
2026-09-03 15:50:05,466 - aqt.archives - WARNING - archives 14188 Failed to download checksum for the file 'online/qtsdkrepository/windows_x86/desktop/qt6_6111/qt6_6111/Updates.xml'. This may happen on unofficial mirrors.
2026-09-03 15:50:07,051 - aqt.main - ERROR - installer 14188 Failed to locate XML data for Qt version '6.11.1'.
==============================Suggested follow-up:==============================
* Please use 'aqt list-qt windows desktop' to show versions available.
2026-09-03 15:50:23,899 - aqt.main - INFO - installer 16144 aqtinstall(aqt) v3.3.0 on Python 3.13.6 [CPython MSC v.1944 64 bit (AMD64)]
2026-09-03 15:50:23,900 - aqt.helper - DEBUG - helper 16144 Attempt to download checksum at https://download.qt.io/online/qtsdkrepository/windows_x86/desktop/qt6_6111/qt6_6111/Updates.xml.sha256
2026-09-03 15:50:25,318 - aqt.helper - DEBUG - helper 16144 Attempt to download checksum at https://download.qt.io/online/qtsdkrepository/windows_x86/desktop/qt6_6111/qt6_6111/Updates.xml.sha256
2026-09-03 15:50:27,202 - aqt.helper - DEBUG - helper 16144 Attempt to download checksum at https://download.qt.io/online/qtsdkrepository/windows_x86/desktop/qt6_6111/qt6_6111/Updates.xml.sha256
2026-09-03 15:50:29,285 - aqt.helper - DEBUG - helper 16144 Attempt to download checksum at https://download.qt.io/online/qtsdkrepository/windows_x86/desktop/qt6_6111/qt6_6111/Updates.xml.sha256
2026-09-03 15:50:33,088 - aqt.helper - DEBUG - helper 16144 Attempt to download checksum at https://download.qt.io/online/qtsdkrepository/windows_x86/desktop/qt6_6111/qt6_6111/Updates.xml.sha256
2026-09-03 15:50:35,291 - aqt.archives - WARNING - archives 16144 Failed to download checksum for the file 'online/qtsdkrepository/windows_x86/desktop/qt6_6111/qt6_6111/Updates.xml'. This may happen on unofficial mirrors.
2026-09-03 15:50:39,000 - aqt.main - ERROR - installer 16144 Failed to locate XML data for Qt version '6.11.1'.
==============================Suggested follow-up:==============================
* Please use 'aqt list-qt windows desktop' to show versions available.
2026-09-03 15:52:50,266 - aqt.main - INFO - installer 15700 aqtinstall(aqt) v3.3.0 on Python 3.13.6 [CPython MSC v.1944 64 bit (AMD64)]
2026-09-03 15:52:50,268 - aqt.helper - DEBUG - helper 15700 Attempt to download checksum at https://download.qt.io/online/qtsdkrepository/windows_x86/desktop/qt6_6103/qt6_6103/Updates.xml.sha256
2026-09-03 15:52:54,754 - aqt.helper - DEBUG - helper 15700 Attempt to download checksum at https://download.qt.io/online/qtsdkrepository/windows_x86/extensions/qtwebengine/6103/mingw1310_64/Updates.xml.sha256
2026-09-03 15:52:56,279 - aqt.helper - DEBUG - helper 15700 Attempt to download checksum at https://download.qt.io/online/qtsdkrepository/windows_x86/extensions/qtwebengine/6103/mingw1310_64/Updates.xml.sha256
2026-09-03 15:52:59,438 - aqt.helper - DEBUG - helper 15700 Attempt to download checksum at https://download.qt.io/online/qtsdkrepository/windows_x86/extensions/qtwebengine/6103/mingw1310_64/Updates.xml.sha256
2026-09-03 15:53:00,825 - aqt.helper - DEBUG - helper 15700 Attempt to download checksum at https://download.qt.io/online/qtsdkrepository/windows_x86/extensions/qtwebengine/6103/mingw1310_64/Updates.xml.sha256
2026-09-03 15:53:02,259 - aqt.helper - DEBUG - helper 15700 Attempt to download checksum at https://download.qt.io/online/qtsdkrepository/windows_x86/extensions/qtwebengine/6103/mingw1310_64/Updates.xml.sha256
2026-09-03 15:53:04,120 - aqt.helper - DEBUG - helper 15700 Attempt to download checksum at https://download.qt.io/online/qtsdkrepository/windows_x86/extensions/qtpdf/6103/mingw1310_64/Updates.xml.sha256
2026-09-03 15:53:05,521 - aqt.helper - DEBUG - helper 15700 Attempt to download checksum at https://download.qt.io/online/qtsdkrepository/windows_x86/extensions/qtpdf/6103/mingw1310_64/Updates.xml.sha256
2026-09-03 15:53:06,952 - aqt.helper - DEBUG - helper 15700 Attempt to download checksum at https://download.qt.io/online/qtsdkrepository/windows_x86/extensions/qtpdf/6103/mingw1310_64/Updates.xml.sha256
2026-09-03 15:53:09,067 - aqt.helper - DEBUG - helper 15700 Attempt to download checksum at https://download.qt.io/online/qtsdkrepository/windows_x86/extensions/qtpdf/6103/mingw1310_64/Updates.xml.sha256
2026-09-03 15:53:10,506 - aqt.helper - DEBUG - helper 15700 Attempt to download checksum at https://download.qt.io/online/qtsdkrepository/windows_x86/extensions/qtpdf/6103/mingw1310_64/Updates.xml.sha256
2026-09-03 15:53:11,906 - aqt.main - ERROR - installer 15700 The packages ['qt_base'] were not found while parsing XML of package information!
==============================Suggested follow-up:==============================
* Please use 'aqt list-qt windows desktop --arch 6.10.3' to show architectures available.
2026-09-03 15:53:37,816 - aqt.main - INFO - installer 19744 aqtinstall(aqt) v3.3.0 on Python 3.13.6 [CPython MSC v.1944 64 bit (AMD64)]
2026-09-03 15:53:37,817 - aqt.helper - DEBUG - helper 23388 Attempt to download checksum at https://download.qt.io/online/qtsdkrepository/windows_x86/desktop/qt6_6110/qt6_6110/Updates.xml.sha256
2026-09-03 15:53:37,817 - aqt.helper - DEBUG - helper 19744 Attempt to download checksum at https://download.qt.io/online/qtsdkrepository/windows_x86/desktop/qt6_6110/qt6_6110/Updates.xml.sha256
2026-09-03 15:53:37,838 - aqt.helper - DEBUG - helper 8452 Attempt to download checksum at https://download.qt.io/online/qtsdkrepository/windows_x86/desktop/qt6_6103/qt6_6103/Updates.xml.sha256
2026-09-03 15:53:39,390 - aqt.helper - DEBUG - helper 23388 Attempt to download checksum at https://download.qt.io/online/qtsdkrepository/windows_x86/desktop/qt6_6110/qt6_6110/Updates.xml.sha256
2026-09-03 15:53:40,056 - aqt.helper - DEBUG - helper 19744 Attempt to download checksum at https://download.qt.io/online/qtsdkrepository/windows_x86/desktop/qt6_6110/qt6_6110/Updates.xml.sha256
2026-09-03 15:53:41,003 - aqt.helper - DEBUG - helper 23388 Attempt to download checksum at https://download.qt.io/online/qtsdkrepository/windows_x86/desktop/qt6_6110/qt6_6110/Updates.xml.sha256
2026-09-03 15:53:42,660 - aqt.helper - DEBUG - helper 23388 Attempt to download checksum at https://download.qt.io/online/qtsdkrepository/windows_x86/desktop/qt6_6110/qt6_6110/Updates.xml.sha256
2026-09-03 15:53:43,000 - aqt.helper - DEBUG - helper 19744 Attempt to download checksum at https://download.qt.io/online/qtsdkrepository/windows_x86/desktop/qt6_6110/qt6_6110/Updates.xml.sha256
2026-09-03 15:53:44,015 - aqt.helper - DEBUG - helper 23388 Attempt to download checksum at https://download.qt.io/online/qtsdkrepository/windows_x86/desktop/qt6_6110/qt6_6110/Updates.xml.sha256
2026-09-03 15:53:44,414 - aqt.helper - DEBUG - helper 19744 Attempt to download checksum at https://download.qt.io/online/qtsdkrepository/windows_x86/desktop/qt6_6110/qt6_6110/Updates.xml.sha256
2026-09-03 15:53:45,606 - aqt.main - ERROR - installer 23388 Failed to download checksum for the file 'Updates.xml' from mirrors '['https://download.qt.io']
==============================Suggested follow-up:==============================
* Check your internet connection
* Consider modifying `requests.max_retries_to_retrieve_hash` in settings.ini
* Consider modifying `mirrors.trusted_mirrors` in settings.ini (see https://aqtinstall.readthedocs.io/en/stable/configuration.html#configuration)
* Please use 'aqt list-qt windows desktop' to show versions of Qt available.
2026-09-03 15:53:46,217 - aqt.helper - DEBUG - helper 19744 Attempt to download checksum at https://download.qt.io/online/qtsdkrepository/windows_x86/desktop/qt6_6110/qt6_6110/Updates.xml.sha256
2026-09-03 15:53:48,992 - aqt.archives - WARNING - archives 19744 Failed to download checksum for the file 'online/qtsdkrepository/windows_x86/desktop/qt6_6110/qt6_6110/Updates.xml'. This may happen on unofficial mirrors.
2026-09-03 15:53:50,401 - aqt.main - ERROR - installer 19744 Failed to locate XML data for Qt version '6.11.0'.
==============================Suggested follow-up:==============================
* Please use 'aqt list-qt windows desktop' to show versions available.
2026-09-03 15:54:06,800 - aqt.helper - DEBUG - helper 21528 Attempt to download checksum at https://download.qt.io/online/qtsdkrepository/windows_x86/desktop/qt6_6111/qt6_6111/Updates.xml.sha256
2026-09-03 15:54:09,637 - aqt.helper - DEBUG - helper 21528 Attempt to download checksum at https://download.qt.io/online/qtsdkrepository/windows_x86/desktop/qt6_6111/qt6_6111/Updates.xml.sha256
2026-09-03 15:54:12,345 - aqt.helper - DEBUG - helper 21528 Attempt to download checksum at https://download.qt.io/online/qtsdkrepository/windows_x86/desktop/qt6_6111/qt6_6111/Updates.xml.sha256
2026-09-03 15:54:14,502 - aqt.helper - DEBUG - helper 21528 Attempt to download checksum at https://download.qt.io/online/qtsdkrepository/windows_x86/desktop/qt6_6111/qt6_6111/Updates.xml.sha256
2026-09-03 15:54:15,908 - aqt.helper - DEBUG - helper 21528 Attempt to download checksum at https://download.qt.io/online/qtsdkrepository/windows_x86/desktop/qt6_6111/qt6_6111/Updates.xml.sha256
2026-09-03 15:54:18,043 - aqt.main - ERROR - installer 21528 Failed to download checksum for the file 'Updates.xml' from mirrors '['https://download.qt.io']
==============================Suggested follow-up:==============================
* Check your internet connection
* Consider modifying `requests.max_retries_to_retrieve_hash` in settings.ini
* Consider modifying `mirrors.trusted_mirrors` in settings.ini (see https://aqtinstall.readthedocs.io/en/stable/configuration.html#configuration)
* Please use 'aqt list-qt windows desktop' to show versions of Qt available.
2026-09-03 15:54:37,802 - aqt.main - INFO - installer 19204 aqtinstall(aqt) v3.3.0 on Python 3.13.6 [CPython MSC v.1944 64 bit (AMD64)]
2026-09-03 15:54:37,802 - aqt.helper - DEBUG - helper 19204 Attempt to download checksum at https://download.qt.io/online/qtsdkrepository/windows_x86/desktop/qt6_6103/qt6_6103/Updates.xml.sha256
2026-09-03 15:54:43,770 - aqt.helper - DEBUG - helper 19204 Attempt to download checksum at https://download.qt.io/online/qtsdkrepository/windows_x86/extensions/qtwebengine/6103/mingw/Updates.xml.sha256
2026-09-03 15:54:45,382 - aqt.helper - DEBUG - helper 19204 Attempt to download checksum at https://download.qt.io/online/qtsdkrepository/windows_x86/extensions/qtwebengine/6103/mingw/Updates.xml.sha256
2026-09-03 15:54:47,563 - aqt.helper - DEBUG - helper 19204 Attempt to download checksum at https://download.qt.io/online/qtsdkrepository/windows_x86/extensions/qtwebengine/6103/mingw/Updates.xml.sha256
2026-09-03 15:54:50,526 - aqt.helper - DEBUG - helper 19204 Attempt to download checksum at https://download.qt.io/online/qtsdkrepository/windows_x86/extensions/qtwebengine/6103/mingw/Updates.xml.sha256
2026-09-03 15:54:52,861 - aqt.helper - DEBUG - helper 19204 Attempt to download checksum at https://download.qt.io/online/qtsdkrepository/windows_x86/extensions/qtwebengine/6103/mingw/Updates.xml.sha256
2026-09-03 15:54:54,398 - aqt.helper - DEBUG - helper 19204 Attempt to download checksum at https://download.qt.io/online/qtsdkrepository/windows_x86/extensions/qtpdf/6103/mingw/Updates.xml.sha256
2026-09-03 15:54:58,916 - aqt.archives - INFO - archives 19204 Found extension qtpdf
2026-09-03 15:54:58,929 - aqt.installer - INFO - installer 19204 DRY RUN: Would download and install the following:
2026-09-03 15:54:58,930 - aqt.installer - INFO - installer 19204   - qtbase: online/qtsdkrepository/windows_x86/desktop/qt6_6103/qt6_6103/qt.qt6.6103.win64_mingw/6.10.3-0-202603310407qtbase-Windows-Windows_11_24H2-Mingw-Windows-Windows_11_24H2-X86_64.7z -> 6.10.3/mingw_64
2026-09-03 15:54:58,930 - aqt.installer - INFO - installer 19204   - qtsvg: online/qtsdkrepository/windows_x86/desktop/qt6_6103/qt6_6103/qt.qt6.6103.win64_mingw/6.10.3-0-202603310407qtsvg-Windows-Windows_11_24H2-Mingw-Windows-Windows_11_24H2-X86_64.7z -> 6.10.3/mingw_64
2026-09-03 15:54:58,930 - aqt.installer - INFO - installer 19204   - qtdeclarative: online/qtsdkrepository/windows_x86/desktop/qt6_6103/qt6_6103/qt.qt6.6103.win64_mingw/6.10.3-0-202603310407qtdeclarative-Windows-Windows_11_24H2-Mingw-Windows-Windows_11_24H2-X86_64.7z -> 6.10.3/mingw_64
2026-09-03 15:54:58,930 - aqt.installer - INFO - installer 19204   - qttools: online/qtsdkrepository/windows_x86/desktop/qt6_6103/qt6_6103/qt.qt6.6103.win64_mingw/6.10.3-0-202603310407qttools-Windows-Windows_11_24H2-Mingw-Windows-Windows_11_24H2-X86_64.7z -> 6.10.3/mingw_64
2026-09-03 15:54:58,930 - aqt.installer - INFO - installer 19204   - qttranslations: online/qtsdkrepository/windows_x86/desktop/qt6_6103/qt6_6103/qt.qt6.6103.win64_mingw/6.10.3-0-202603310407qttranslations-Windows-Windows_11_24H2-Mingw-Windows-Windows_11_24H2-X86_64.7z -> 6.10.3/mingw_64
2026-09-03 15:54:58,930 - aqt.installer - INFO - installer 19204   - MinGW: online/qtsdkrepository/windows_x86/desktop/qt6_6103/qt6_6103/qt.qt6.6103.win64_mingw/6.10.3-0-202603310407MinGW-w64-x86_64-13.1.0-release-posix-seh-msvcrt-rt_v11-rev1-runtime.7z -> 6.10.3/mingw_64/bin
2026-09-03 15:54:58,930 - aqt.installer - INFO - installer 19204   - d3dcompiler_47: online/qtsdkrepository/windows_x86/desktop/qt6_6103/qt6_6103/qt.qt6.6103.win64_mingw/6.10.3-0-202603310407d3dcompiler_47-x64.7z -> 6.10.3/mingw_64/bin
2026-09-03 15:54:58,930 - aqt.installer - INFO - installer 19204   - opengl32sw: online/qtsdkrepository/windows_x86/desktop/qt6_6103/qt6_6103/qt.qt6.6103.win64_mingw/6.10.3-0-202603310407opengl32sw-64-mesa_11_2_2-signed_sha256.7z -> 6.10.3/mingw_64/bin
2026-09-03 15:54:58,930 - aqt.installer - INFO - installer 19204 Total packages: 8
2026-09-03 16:02:25,871 - aqt.main - INFO - installer 10520 aqtinstall(aqt) v3.3.0 on Python 3.13.6 [CPython MSC v.1944 64 bit (AMD64)]
2026-09-03 16:02:25,872 - aqt.helper - DEBUG - helper 10520 Attempt to download checksum at https://download.qt.io/online/qtsdkrepository/windows_x86/desktop/qt6_6103/qt6_6103/Updates.xml.sha256
2026-09-03 16:02:29,227 - aqt.helper - DEBUG - helper 10520 Attempt to download checksum at https://download.qt.io/online/qtsdkrepository/windows_x86/extensions/qtwebengine/6103/mingw/Updates.xml.sha256
2026-09-03 16:02:30,694 - aqt.helper - DEBUG - helper 10520 Attempt to download checksum at https://download.qt.io/online/qtsdkrepository/windows_x86/extensions/qtwebengine/6103/mingw/Updates.xml.sha256
2026-09-03 16:02:32,546 - aqt.helper - DEBUG - helper 10520 Attempt to download checksum at https://download.qt.io/online/qtsdkrepository/windows_x86/extensions/qtwebengine/6103/mingw/Updates.xml.sha256
2026-09-03 16:02:34,701 - aqt.helper - DEBUG - helper 10520 Attempt to download checksum at https://download.qt.io/online/qtsdkrepository/windows_x86/extensions/qtwebengine/6103/mingw/Updates.xml.sha256
2026-09-03 16:02:36,533 - aqt.helper - DEBUG - helper 10520 Attempt to download checksum at https://download.qt.io/online/qtsdkrepository/windows_x86/extensions/qtwebengine/6103/mingw/Updates.xml.sha256
2026-09-03 16:02:38,034 - aqt.helper - DEBUG - helper 10520 Attempt to download checksum at https://download.qt.io/online/qtsdkrepository/windows_x86/extensions/qtpdf/6103/mingw/Updates.xml.sha256
2026-09-03 16:02:41,022 - aqt.archives - INFO - archives 10520 Found extension qtpdf
2026-09-03 16:02:41,716 - aqt.helper - DEBUG - helper 6420 Attempt to download checksum at https://download.qt.io/online/qtsdkrepository/windows_x86/desktop/qt6_6103/qt6_6103/qt.qt6.6103.win64_mingw/6.10.3-0-202603310407qtbase-Windows-Windows_11_24H2-Mingw-Windows-Windows_11_24H2-X86_64.7z.sha256
2026-09-03 16:02:41,716 - aqt.helper - DEBUG - helper 4592 Attempt to download checksum at https://download.qt.io/online/qtsdkrepository/windows_x86/desktop/qt6_6103/qt6_6103/qt.qt6.6103.win64_mingw/6.10.3-0-202603310407qtsvg-Windows-Windows_11_24H2-Mingw-Windows-Windows_11_24H2-X86_64.7z.sha256
2026-09-03 16:02:41,717 - aqt.helper - DEBUG - helper 5352 Attempt to download checksum at https://download.qt.io/online/qtsdkrepository/windows_x86/desktop/qt6_6103/qt6_6103/qt.qt6.6103.win64_mingw/6.10.3-0-202603310407qtdeclarative-Windows-Windows_11_24H2-Mingw-Windows-Windows_11_24H2-X86_64.7z.sha256
2026-09-03 16:02:41,720 - aqt.helper - DEBUG - helper 11164 Attempt to download checksum at https://download.qt.io/online/qtsdkrepository/windows_x86/desktop/qt6_6103/qt6_6103/qt.qt6.6103.win64_mingw/6.10.3-0-202603310407qttools-Windows-Windows_11_24H2-Mingw-Windows-Windows_11_24H2-X86_64.7z.sha256
2026-09-03 16:02:43,373 - aqt.helper - INFO - helper 6420 Downloading qtbase...
2026-09-03 16:02:43,374 - aqt.helper - INFO - helper 11164 Downloading qttools...
2026-09-03 16:02:43,373 - aqt.installer - DEBUG - installer 6420 Download URL: https://download.qt.io/online/qtsdkrepository/windows_x86/desktop/qt6_6103/qt6_6103/qt.qt6.6103.win64_mingw/6.10.3-0-202603310407qtbase-Windows-Windows_11_24H2-Mingw-Windows-Windows_11_24H2-X86_64.7z
2026-09-03 16:02:43,375 - aqt.installer - DEBUG - installer 11164 Download URL: https://download.qt.io/online/qtsdkrepository/windows_x86/desktop/qt6_6103/qt6_6103/qt.qt6.6103.win64_mingw/6.10.3-0-202603310407qttools-Windows-Windows_11_24H2-Mingw-Windows-Windows_11_24H2-X86_64.7z
2026-09-03 16:02:43,383 - aqt.helper - INFO - helper 4592 Downloading qtsvg...
2026-09-03 16:02:43,383 - aqt.installer - DEBUG - installer 4592 Download URL: https://download.qt.io/online/qtsdkrepository/windows_x86/desktop/qt6_6103/qt6_6103/qt.qt6.6103.win64_mingw/6.10.3-0-202603310407qtsvg-Windows-Windows_11_24H2-Mingw-Windows-Windows_11_24H2-X86_64.7z
2026-09-03 16:02:44,046 - aqt.helper - INFO - helper 5352 Downloading qtdeclarative...
2026-09-03 16:02:44,046 - aqt.installer - DEBUG - installer 5352 Download URL: https://download.qt.io/online/qtsdkrepository/windows_x86/desktop/qt6_6103/qt6_6103/qt.qt6.6103.win64_mingw/6.10.3-0-202603310407qtdeclarative-Windows-Windows_11_24H2-Mingw-Windows-Windows_11_24H2-X86_64.7z
2026-09-03 16:02:44,937 - aqt.helper - DEBUG - helper 6420 Asked to redirect(302) to: https://qt.mirror.constant.com/online/qtsdkrepository/windows_x86/desktop/qt6_6103/qt6_6103/qt.qt6.6103.win64_mingw/6.10.3-0-202603310407qtbase-Windows-Windows_11_24H2-Mingw-Windows-Windows_11_24H2-X86_64.7z
2026-09-03 16:02:44,937 - aqt.helper - INFO - helper 6420 Redirected: qt.mirror.constant.com
2026-09-03 16:02:45,365 - aqt.helper - DEBUG - helper 11164 Asked to redirect(302) to: https://qt.mirror.constant.com/online/qtsdkrepository/windows_x86/desktop/qt6_6103/qt6_6103/qt.qt6.6103.win64_mingw/6.10.3-0-202603310407qttools-Windows-Windows_11_24H2-Mingw-Windows-Windows_11_24H2-X86_64.7z
2026-09-03 16:02:45,365 - aqt.helper - INFO - helper 11164 Redirected: qt.mirror.constant.com
2026-09-03 16:02:45,930 - aqt.helper - DEBUG - helper 4592 Asked to redirect(302) to: https://qt.mirror.constant.com/online/qtsdkrepository/windows_x86/desktop/qt6_6103/qt6_6103/qt.qt6.6103.win64_mingw/6.10.3-0-202603310407qtsvg-Windows-Windows_11_24H2-Mingw-Windows-Windows_11_24H2-X86_64.7z
2026-09-03 16:02:45,930 - aqt.helper - INFO - helper 4592 Redirected: qt.mirror.constant.com
2026-09-03 16:02:46,773 - aqt.helper - DEBUG - helper 5352 Asked to redirect(302) to: https://qt.mirror.constant.com/online/qtsdkrepository/windows_x86/desktop/qt6_6103/qt6_6103/qt.qt6.6103.win64_mingw/6.10.3-0-202603310407qtdeclarative-Windows-Windows_11_24H2-Mingw-Windows-Windows_11_24H2-X86_64.7z
2026-09-03 16:02:46,773 - aqt.helper - INFO - helper 5352 Redirected: qt.mirror.constant.com
2026-09-03 16:02:47,812 - aqt.installer - INFO - installer 4592 Finished installation of qtsvg-Windows-Windows_11_24H2-Mingw-Windows-Windows_11_24H2-X86_64.7z in 6.09943470
2026-09-03 16:02:47,828 - aqt.helper - DEBUG - helper 4592 Attempt to download checksum at https://download.qt.io/online/qtsdkrepository/windows_x86/desktop/qt6_6103/qt6_6103/qt.qt6.6103.win64_mingw/6.10.3-0-202603310407qttranslations-Windows-Windows_11_24H2-Mingw-Windows-Windows_11_24H2-X86_64.7z.sha256
2026-09-03 16:02:49,845 - aqt.helper - INFO - helper 4592 Downloading qttranslations...
2026-09-03 16:02:49,846 - aqt.installer - DEBUG - installer 4592 Download URL: https://download.qt.io/online/qtsdkrepository/windows_x86/desktop/qt6_6103/qt6_6103/qt.qt6.6103.win64_mingw/6.10.3-0-202603310407qttranslations-Windows-Windows_11_24H2-Mingw-Windows-Windows_11_24H2-X86_64.7z
2026-09-03 16:02:51,282 - aqt.helper - DEBUG - helper 4592 Asked to redirect(302) to: https://qt.mirror.constant.com/online/qtsdkrepository/windows_x86/desktop/qt6_6103/qt6_6103/qt.qt6.6103.win64_mingw/6.10.3-0-202603310407qttranslations-Windows-Windows_11_24H2-Mingw-Windows-Windows_11_24H2-X86_64.7z
2026-09-03 16:02:51,282 - aqt.helper - INFO - helper 4592 Redirected: qt.mirror.constant.com
2026-09-03 16:02:54,421 - aqt.installer - INFO - installer 4592 Finished installation of qttranslations-Windows-Windows_11_24H2-Mingw-Windows-Windows_11_24H2-X86_64.7z in 6.59688110
2026-09-03 16:02:54,439 - aqt.helper - DEBUG - helper 4592 Attempt to download checksum at https://download.qt.io/online/qtsdkrepository/windows_x86/desktop/qt6_6103/qt6_6103/qt.qt6.6103.win64_mingw/6.10.3-0-202603310407MinGW-w64-x86_64-13.1.0-release-posix-seh-msvcrt-rt_v11-rev1-runtime.7z.sha256
2026-09-03 16:02:56,309 - aqt.helper - INFO - helper 4592 Downloading MinGW...
2026-09-03 16:02:56,309 - aqt.installer - DEBUG - installer 4592 Download URL: https://download.qt.io/online/qtsdkrepository/windows_x86/desktop/qt6_6103/qt6_6103/qt.qt6.6103.win64_mingw/6.10.3-0-202603310407MinGW-w64-x86_64-13.1.0-release-posix-seh-msvcrt-rt_v11-rev1-runtime.7z
2026-09-03 16:02:57,540 - aqt.installer - INFO - installer 11164 Finished installation of qttools-Windows-Windows_11_24H2-Mingw-Windows-Windows_11_24H2-X86_64.7z in 15.82533980
2026-09-03 16:02:57,558 - aqt.helper - DEBUG - helper 11164 Attempt to download checksum at https://download.qt.io/online/qtsdkrepository/windows_x86/desktop/qt6_6103/qt6_6103/qt.qt6.6103.win64_mingw/6.10.3-0-202603310407d3dcompiler_47-x64.7z.sha256
2026-09-03 16:02:57,739 - aqt.helper - DEBUG - helper 4592 Asked to redirect(302) to: https://qt.mirror.constant.com/online/qtsdkrepository/windows_x86/desktop/qt6_6103/qt6_6103/qt.qt6.6103.win64_mingw/6.10.3-0-202603310407MinGW-w64-x86_64-13.1.0-release-posix-seh-msvcrt-rt_v11-rev1-runtime.7z
2026-09-03 16:02:57,740 - aqt.helper - INFO - helper 4592 Redirected: qt.mirror.constant.com
2026-09-03 16:02:58,980 - aqt.helper - INFO - helper 11164 Downloading d3dcompiler_47...
2026-09-03 16:02:58,980 - aqt.installer - DEBUG - installer 11164 Download URL: https://download.qt.io/online/qtsdkrepository/windows_x86/desktop/qt6_6103/qt6_6103/qt.qt6.6103.win64_mingw/6.10.3-0-202603310407d3dcompiler_47-x64.7z
2026-09-03 16:02:59,934 - aqt.installer - INFO - installer 4592 Finished installation of MinGW-w64-x86_64-13.1.0-release-posix-seh-msvcrt-rt_v11-rev1-runtime.7z in 5.49859790
2026-09-03 16:02:59,952 - aqt.helper - DEBUG - helper 4592 Attempt to download checksum at https://download.qt.io/online/qtsdkrepository/windows_x86/desktop/qt6_6103/qt6_6103/qt.qt6.6103.win64_mingw/6.10.3-0-202603310407opengl32sw-64-mesa_11_2_2-signed_sha256.7z.sha256
2026-09-03 16:03:00,576 - aqt.helper - DEBUG - helper 11164 Asked to redirect(302) to: https://qt.mirror.constant.com/online/qtsdkrepository/windows_x86/desktop/qt6_6103/qt6_6103/qt.qt6.6103.win64_mingw/6.10.3-0-202603310407d3dcompiler_47-x64.7z
2026-09-03 16:03:00,576 - aqt.helper - INFO - helper 11164 Redirected: qt.mirror.constant.com
2026-09-03 16:03:01,978 - aqt.helper - INFO - helper 4592 Downloading opengl32sw...
2026-09-03 16:03:01,978 - aqt.installer - DEBUG - installer 4592 Download URL: https://download.qt.io/online/qtsdkrepository/windows_x86/desktop/qt6_6103/qt6_6103/qt.qt6.6103.win64_mingw/6.10.3-0-202603310407opengl32sw-64-mesa_11_2_2-signed_sha256.7z
2026-09-03 16:03:03,288 - aqt.installer - INFO - installer 11164 Finished installation of d3dcompiler_47-x64.7z in 5.73321580
2026-09-03 16:03:03,397 - aqt.installer - INFO - installer 6420 Finished installation of qtbase-Windows-Windows_11_24H2-Mingw-Windows-Windows_11_24H2-X86_64.7z in 21.68487520
2026-09-03 16:03:03,494 - aqt.helper - DEBUG - helper 4592 Asked to redirect(302) to: https://qt.mirror.constant.com/online/qtsdkrepository/windows_x86/desktop/qt6_6103/qt6_6103/qt.qt6.6103.win64_mingw/6.10.3-0-202603310407opengl32sw-64-mesa_11_2_2-signed_sha256.7z
2026-09-03 16:03:03,494 - aqt.helper - INFO - helper 4592 Redirected: qt.mirror.constant.com
2026-09-03 16:03:08,428 - aqt.installer - INFO - installer 4592 Finished installation of opengl32sw-64-mesa_11_2_2-signed_sha256.7z in 8.48001540
2026-09-03 16:03:21,006 - aqt.installer - INFO - installer 5352 Finished installation of qtdeclarative-Windows-Windows_11_24H2-Mingw-Windows-Windows_11_24H2-X86_64.7z in 39.29283360
2026-09-03 16:03:21,405 - aqt.updater - INFO - updater 10520 Patching C:\Qt\6.10.3\mingw_64\bin\qmake.exe
2026-09-03 16:03:21,411 - aqt.updater - INFO - updater 10520 Patching C:\Qt\6.10.3\mingw_64\lib\pkgconfig\Qt6Concurrent.pc
2026-09-03 16:03:21,418 - aqt.updater - INFO - updater 10520 Patching C:\Qt\6.10.3\mingw_64\lib\pkgconfig\Qt6Core.pc
2026-09-03 16:03:21,425 - aqt.updater - INFO - updater 10520 Patching C:\Qt\6.10.3\mingw_64\lib\pkgconfig\Qt6DBus.pc
2026-09-03 16:03:21,432 - aqt.updater - INFO - updater 10520 Patching C:\Qt\6.10.3\mingw_64\lib\pkgconfig\Qt6Designer.pc
2026-09-03 16:03:21,439 - aqt.updater - INFO - updater 10520 Patching C:\Qt\6.10.3\mingw_64\lib\pkgconfig\Qt6Gui.pc
2026-09-03 16:03:21,445 - aqt.updater - INFO - updater 10520 Patching C:\Qt\6.10.3\mingw_64\lib\pkgconfig\Qt6Help.pc
2026-09-03 16:03:21,452 - aqt.updater - INFO - updater 10520 Patching C:\Qt\6.10.3\mingw_64\lib\pkgconfig\Qt6LabsAnimation.pc
2026-09-03 16:03:21,459 - aqt.updater - INFO - updater 10520 Patching C:\Qt\6.10.3\mingw_64\lib\pkgconfig\Qt6LabsFolderListModel.pc
2026-09-03 16:03:21,466 - aqt.updater - INFO - updater 10520 Patching C:\Qt\6.10.3\mingw_64\lib\pkgconfig\Qt6LabsPlatform.pc
2026-09-03 16:03:21,473 - aqt.updater - INFO - updater 10520 Patching C:\Qt\6.10.3\mingw_64\lib\pkgconfig\Qt6LabsQmlModels.pc
2026-09-03 16:03:21,479 - aqt.updater - INFO - updater 10520 Patching C:\Qt\6.10.3\mingw_64\lib\pkgconfig\Qt6LabsSettings.pc
2026-09-03 16:03:21,487 - aqt.updater - INFO - updater 10520 Patching C:\Qt\6.10.3\mingw_64\lib\pkgconfig\Qt6LabsSharedImage.pc
2026-09-03 16:03:21,494 - aqt.updater - INFO - updater 10520 Patching C:\Qt\6.10.3\mingw_64\lib\pkgconfig\Qt6LabsSynchronizer.pc
2026-09-03 16:03:21,502 - aqt.updater - INFO - updater 10520 Patching C:\Qt\6.10.3\mingw_64\lib\pkgconfig\Qt6LabsWavefrontMesh.pc
2026-09-03 16:03:21,509 - aqt.updater - INFO - updater 10520 Patching C:\Qt\6.10.3\mingw_64\lib\pkgconfig\Qt6Linguist.pc
2026-09-03 16:03:21,515 - aqt.updater - INFO - updater 10520 Patching C:\Qt\6.10.3\mingw_64\lib\pkgconfig\Qt6Network.pc
2026-09-03 16:03:21,522 - aqt.updater - INFO - updater 10520 Patching C:\Qt\6.10.3\mingw_64\lib\pkgconfig\Qt6OpenGL.pc
2026-09-03 16:03:21,529 - aqt.updater - INFO - updater 10520 Patching C:\Qt\6.10.3\mingw_64\lib\pkgconfig\Qt6OpenGLWidgets.pc
2026-09-03 16:03:21,536 - aqt.updater - INFO - updater 10520 Patching C:\Qt\6.10.3\mingw_64\lib\pkgconfig\Qt6Platform.pc
2026-09-03 16:03:21,542 - aqt.updater - INFO - updater 10520 Patching C:\Qt\6.10.3\mingw_64\lib\pkgconfig\Qt6PrintSupport.pc
2026-09-03 16:03:21,551 - aqt.updater - INFO - updater 10520 Patching C:\Qt\6.10.3\mingw_64\lib\pkgconfig\Qt6Qml.pc
2026-09-03 16:03:21,558 - aqt.updater - INFO - updater 10520 Patching C:\Qt\6.10.3\mingw_64\lib\pkgconfig\Qt6QmlAssetDownloader.pc
2026-09-03 16:03:21,565 - aqt.updater - INFO - updater 10520 Patching C:\Qt\6.10.3\mingw_64\lib\pkgconfig\Qt6QmlCompiler.pc
2026-09-03 16:03:21,572 - aqt.updater - INFO - updater 10520 Patching C:\Qt\6.10.3\mingw_64\lib\pkgconfig\Qt6QmlCore.pc
2026-09-03 16:03:21,582 - aqt.updater - INFO - updater 10520 Patching C:\Qt\6.10.3\mingw_64\lib\pkgconfig\Qt6QmlIntegration.pc
2026-09-03 16:03:21,592 - aqt.updater - INFO - updater 10520 Patching C:\Qt\6.10.3\mingw_64\lib\pkgconfig\Qt6QmlLocalStorage.pc
2026-09-03 16:03:21,602 - aqt.updater - INFO - updater 10520 Patching C:\Qt\6.10.3\mingw_64\lib\pkgconfig\Qt6QmlMeta.pc
2026-09-03 16:03:21,611 - aqt.updater - INFO - updater 10520 Patching C:\Qt\6.10.3\mingw_64\lib\pkgconfig\Qt6QmlModels.pc
2026-09-03 16:03:21,618 - aqt.updater - INFO - updater 10520 Patching C:\Qt\6.10.3\mingw_64\lib\pkgconfig\Qt6QmlNetwork.pc
2026-09-03 16:03:21,628 - aqt.updater - INFO - updater 10520 Patching C:\Qt\6.10.3\mingw_64\lib\pkgconfig\Qt6QmlWorkerScript.pc
2026-09-03 16:03:21,636 - aqt.updater - INFO - updater 10520 Patching C:\Qt\6.10.3\mingw_64\lib\pkgconfig\Qt6QmlXmlListModel.pc
2026-09-03 16:03:21,645 - aqt.updater - INFO - updater 10520 Patching C:\Qt\6.10.3\mingw_64\lib\pkgconfig\Qt6Quick.pc
2026-09-03 16:03:21,653 - aqt.updater - INFO - updater 10520 Patching C:\Qt\6.10.3\mingw_64\lib\pkgconfig\Qt6QuickControls2.pc
2026-09-03 16:03:21,664 - aqt.updater - INFO - updater 10520 Patching C:\Qt\6.10.3\mingw_64\lib\pkgconfig\Qt6QuickControls2Basic.pc
2026-09-03 16:03:21,671 - aqt.updater - INFO - updater 10520 Patching C:\Qt\6.10.3\mingw_64\lib\pkgconfig\Qt6QuickControls2BasicStyleImpl.pc
2026-09-03 16:03:21,681 - aqt.updater - INFO - updater 10520 Patching C:\Qt\6.10.3\mingw_64\lib\pkgconfig\Qt6QuickControls2FluentWinUI3StyleImpl.pc
2026-09-03 16:03:21,688 - aqt.updater - INFO - updater 10520 Patching C:\Qt\6.10.3\mingw_64\lib\pkgconfig\Qt6QuickControls2Fusion.pc
2026-09-03 16:03:21,698 - aqt.updater - INFO - updater 10520 Patching C:\Qt\6.10.3\mingw_64\lib\pkgconfig\Qt6QuickControls2FusionStyleImpl.pc
2026-09-03 16:03:21,707 - aqt.updater - INFO - updater 10520 Patching C:\Qt\6.10.3\mingw_64\lib\pkgconfig\Qt6QuickControls2Imagine.pc
2026-09-03 16:03:21,716 - aqt.updater - INFO - updater 10520 Patching C:\Qt\6.10.3\mingw_64\lib\pkgconfig\Qt6QuickControls2ImagineStyleImpl.pc
2026-09-03 16:03:21,723 - aqt.updater - INFO - updater 10520 Patching C:\Qt\6.10.3\mingw_64\lib\pkgconfig\Qt6QuickControls2Impl.pc
2026-09-03 16:03:21,732 - aqt.updater - INFO - updater 10520 Patching C:\Qt\6.10.3\mingw_64\lib\pkgconfig\Qt6QuickControls2Material.pc
2026-09-03 16:03:21,738 - aqt.updater - INFO - updater 10520 Patching C:\Qt\6.10.3\mingw_64\lib\pkgconfig\Qt6QuickControls2MaterialStyleImpl.pc
2026-09-03 16:03:21,748 - aqt.updater - INFO - updater 10520 Patching C:\Qt\6.10.3\mingw_64\lib\pkgconfig\Qt6QuickControls2Universal.pc
2026-09-03 16:03:21,755 - aqt.updater - INFO - updater 10520 Patching C:\Qt\6.10.3\mingw_64\lib\pkgconfig\Qt6QuickControls2UniversalStyleImpl.pc
2026-09-03 16:03:21,764 - aqt.updater - INFO - updater 10520 Patching C:\Qt\6.10.3\mingw_64\lib\pkgconfig\Qt6QuickControls2WindowsStyleImpl.pc
2026-09-03 16:03:21,773 - aqt.updater - INFO - updater 10520 Patching C:\Qt\6.10.3\mingw_64\lib\pkgconfig\Qt6QuickDialogs2.pc
2026-09-03 16:03:21,781 - aqt.updater - INFO - updater 10520 Patching C:\Qt\6.10.3\mingw_64\lib\pkgconfig\Qt6QuickDialogs2QuickImpl.pc
2026-09-03 16:03:21,790 - aqt.updater - INFO - updater 10520 Patching C:\Qt\6.10.3\mingw_64\lib\pkgconfig\Qt6QuickDialogs2Utils.pc
2026-09-03 16:03:21,798 - aqt.updater - INFO - updater 10520 Patching C:\Qt\6.10.3\mingw_64\lib\pkgconfig\Qt6QuickEffects.pc
2026-09-03 16:03:21,806 - aqt.updater - INFO - updater 10520 Patching C:\Qt\6.10.3\mingw_64\lib\pkgconfig\Qt6QuickLayouts.pc
2026-09-03 16:03:21,815 - aqt.updater - INFO - updater 10520 Patching C:\Qt\6.10.3\mingw_64\lib\pkgconfig\Qt6QuickTemplates2.pc
2026-09-03 16:03:21,822 - aqt.updater - INFO - updater 10520 Patching C:\Qt\6.10.3\mingw_64\lib\pkgconfig\Qt6QuickTest.pc
2026-09-03 16:03:21,830 - aqt.updater - INFO - updater 10520 Patching C:\Qt\6.10.3\mingw_64\lib\pkgconfig\Qt6QuickVectorImage.pc
2026-09-03 16:03:21,839 - aqt.updater - INFO - updater 10520 Patching C:\Qt\6.10.3\mingw_64\lib\pkgconfig\Qt6QuickVectorImageHelpers.pc
2026-09-03 16:03:21,847 - aqt.updater - INFO - updater 10520 Patching C:\Qt\6.10.3\mingw_64\lib\pkgconfig\Qt6QuickWidgets.pc
2026-09-03 16:03:21,856 - aqt.updater - INFO - updater 10520 Patching C:\Qt\6.10.3\mingw_64\lib\pkgconfig\Qt6Sql.pc
2026-09-03 16:03:21,864 - aqt.updater - INFO - updater 10520 Patching C:\Qt\6.10.3\mingw_64\lib\pkgconfig\Qt6Svg.pc
2026-09-03 16:03:21,872 - aqt.updater - INFO - updater 10520 Patching C:\Qt\6.10.3\mingw_64\lib\pkgconfig\Qt6SvgWidgets.pc
2026-09-03 16:03:21,879 - aqt.updater - INFO - updater 10520 Patching C:\Qt\6.10.3\mingw_64\lib\pkgconfig\Qt6Test.pc
2026-09-03 16:03:21,888 - aqt.updater - INFO - updater 10520 Patching C:\Qt\6.10.3\mingw_64\lib\pkgconfig\Qt6UiPlugin.pc
2026-09-03 16:03:21,896 - aqt.updater - INFO - updater 10520 Patching C:\Qt\6.10.3\mingw_64\lib\pkgconfig\Qt6UiTools.pc
2026-09-03 16:03:21,904 - aqt.updater - INFO - updater 10520 Patching C:\Qt\6.10.3\mingw_64\lib\pkgconfig\Qt6Widgets.pc
2026-09-03 16:03:21,914 - aqt.updater - INFO - updater 10520 Patching C:\Qt\6.10.3\mingw_64\lib\pkgconfig\Qt6Xml.pc
2026-09-03 16:03:21,924 - aqt.updater - INFO - updater 10520 Patching C:\Qt\6.10.3\mingw_64\lib\Qt6Concurrent.prl
2026-09-03 16:03:21,933 - aqt.updater - INFO - updater 10520 Patching C:\Qt\6.10.3\mingw_64\lib\Qt6Core.prl
2026-09-03 16:03:21,941 - aqt.updater - INFO - updater 10520 Patching C:\Qt\6.10.3\mingw_64\lib\Qt6DBus.prl
2026-09-03 16:03:21,949 - aqt.updater - INFO - updater 10520 Patching C:\Qt\6.10.3\mingw_64\lib\Qt6Designer.prl
2026-09-03 16:03:21,958 - aqt.updater - INFO - updater 10520 Patching C:\Qt\6.10.3\mingw_64\lib\Qt6DesignerComponents.prl
2026-09-03 16:03:21,967 - aqt.updater - INFO - updater 10520 Patching C:\Qt\6.10.3\mingw_64\lib\Qt6DeviceDiscoverySupport.prl
2026-09-03 16:03:21,973 - aqt.updater - INFO - updater 10520 Patching C:\Qt\6.10.3\mingw_64\lib\Qt6EntryPoint.prl
2026-09-03 16:03:21,982 - aqt.updater - INFO - updater 10520 Patching C:\Qt\6.10.3\mingw_64\lib\Qt6ExampleIcons.prl
2026-09-03 16:03:21,991 - aqt.updater - INFO - updater 10520 Patching C:\Qt\6.10.3\mingw_64\lib\Qt6ExamplesAssetDownloader.prl
2026-09-03 16:03:22,001 - aqt.updater - INFO - updater 10520 Patching C:\Qt\6.10.3\mingw_64\lib\Qt6FbSupport.prl
2026-09-03 16:03:22,010 - aqt.updater - INFO - updater 10520 Patching C:\Qt\6.10.3\mingw_64\lib\Qt6Gui.prl
2026-09-03 16:03:22,019 - aqt.updater - INFO - updater 10520 Patching C:\Qt\6.10.3\mingw_64\lib\Qt6Help.prl
2026-09-03 16:03:22,028 - aqt.updater - INFO - updater 10520 Patching C:\Qt\6.10.3\mingw_64\lib\Qt6LabsAnimation.prl
2026-09-03 16:03:22,038 - aqt.updater - INFO - updater 10520 Patching C:\Qt\6.10.3\mingw_64\lib\Qt6LabsFolderListModel.prl
2026-09-03 16:03:22,047 - aqt.updater - INFO - updater 10520 Patching C:\Qt\6.10.3\mingw_64\lib\Qt6LabsPlatform.prl
2026-09-03 16:03:22,055 - aqt.updater - INFO - updater 10520 Patching C:\Qt\6.10.3\mingw_64\lib\Qt6LabsQmlModels.prl
2026-09-03 16:03:22,065 - aqt.updater - INFO - updater 10520 Patching C:\Qt\6.10.3\mingw_64\lib\Qt6LabsSettings.prl
2026-09-03 16:03:22,073 - aqt.updater - INFO - updater 10520 Patching C:\Qt\6.10.3\mingw_64\lib\Qt6LabsSharedImage.prl
2026-09-03 16:03:22,083 - aqt.updater - INFO - updater 10520 Patching C:\Qt\6.10.3\mingw_64\lib\Qt6LabsSynchronizer.prl
2026-09-03 16:03:22,091 - aqt.updater - INFO - updater 10520 Patching C:\Qt\6.10.3\mingw_64\lib\Qt6LabsWavefrontMesh.prl
2026-09-03 16:03:22,100 - aqt.updater - INFO - updater 10520 Patching C:\Qt\6.10.3\mingw_64\lib\Qt6Network.prl
2026-09-03 16:03:22,107 - aqt.updater - INFO - updater 10520 Patching C:\Qt\6.10.3\mingw_64\lib\Qt6OpenGL.prl
2026-09-03 16:03:22,117 - aqt.updater - INFO - updater 10520 Patching C:\Qt\6.10.3\mingw_64\lib\Qt6OpenGLWidgets.prl
2026-09-03 16:03:22,127 - aqt.updater - INFO - updater 10520 Patching C:\Qt\6.10.3\mingw_64\lib\Qt6PacketProtocol.prl
2026-09-03 16:03:22,139 - aqt.updater - INFO - updater 10520 Patching C:\Qt\6.10.3\mingw_64\lib\Qt6PrintSupport.prl
2026-09-03 16:03:22,151 - aqt.updater - INFO - updater 10520 Patching C:\Qt\6.10.3\mingw_64\lib\Qt6Qml.prl
2026-09-03 16:03:22,161 - aqt.updater - INFO - updater 10520 Patching C:\Qt\6.10.3\mingw_64\lib\Qt6QmlAssetDownloader.prl
2026-09-03 16:03:22,172 - aqt.updater - INFO - updater 10520 Patching C:\Qt\6.10.3\mingw_64\lib\Qt6QmlCompiler.prl
2026-09-03 16:03:22,183 - aqt.updater - INFO - updater 10520 Patching C:\Qt\6.10.3\mingw_64\lib\Qt6QmlCore.prl
2026-09-03 16:03:22,194 - aqt.updater - INFO - updater 10520 Patching C:\Qt\6.10.3\mingw_64\lib\Qt6QmlDebug.prl
2026-09-03 16:03:22,204 - aqt.updater - INFO - updater 10520 Patching C:\Qt\6.10.3\mingw_64\lib\Qt6QmlDom.prl
2026-09-03 16:03:22,216 - aqt.updater - INFO - updater 10520 Patching C:\Qt\6.10.3\mingw_64\lib\Qt6QmlFormat.prl
2026-09-03 16:03:22,226 - aqt.updater - INFO - updater 10520 Patching C:\Qt\6.10.3\mingw_64\lib\Qt6QmlLocalStorage.prl
2026-09-03 16:03:22,237 - aqt.updater - INFO - updater 10520 Patching C:\Qt\6.10.3\mingw_64\lib\Qt6QmlLS.prl
2026-09-03 16:03:22,248 - aqt.updater - INFO - updater 10520 Patching C:\Qt\6.10.3\mingw_64\lib\Qt6QmlMeta.prl
2026-09-03 16:03:22,259 - aqt.updater - INFO - updater 10520 Patching C:\Qt\6.10.3\mingw_64\lib\Qt6QmlModels.prl
2026-09-03 16:03:22,268 - aqt.updater - INFO - updater 10520 Patching C:\Qt\6.10.3\mingw_64\lib\Qt6QmlNetwork.prl
2026-09-03 16:03:22,278 - aqt.updater - INFO - updater 10520 Patching C:\Qt\6.10.3\mingw_64\lib\Qt6QmlToolingSettings.prl
2026-09-03 16:03:22,288 - aqt.updater - INFO - updater 10520 Patching C:\Qt\6.10.3\mingw_64\lib\Qt6QmlTypeRegistrar.prl
2026-09-03 16:03:22,298 - aqt.updater - INFO - updater 10520 Patching C:\Qt\6.10.3\mingw_64\lib\Qt6QmlWorkerScript.prl
2026-09-03 16:03:22,308 - aqt.updater - INFO - updater 10520 Patching C:\Qt\6.10.3\mingw_64\lib\Qt6QmlXmlListModel.prl
2026-09-03 16:03:22,320 - aqt.updater - INFO - updater 10520 Patching C:\Qt\6.10.3\mingw_64\lib\Qt6Quick.prl
2026-09-03 16:03:22,329 - aqt.updater - INFO - updater 10520 Patching C:\Qt\6.10.3\mingw_64\lib\Qt6QuickControls2.prl
2026-09-03 16:03:22,338 - aqt.updater - INFO - updater 10520 Patching C:\Qt\6.10.3\mingw_64\lib\Qt6QuickControls2Basic.prl
2026-09-03 16:03:22,347 - aqt.updater - INFO - updater 10520 Patching C:\Qt\6.10.3\mingw_64\lib\Qt6QuickControls2BasicStyleImpl.prl
2026-09-03 16:03:22,354 - aqt.updater - INFO - updater 10520 Patching C:\Qt\6.10.3\mingw_64\lib\Qt6QuickControls2FluentWinUI3StyleImpl.prl
2026-09-03 16:03:22,364 - aqt.updater - INFO - updater 10520 Patching C:\Qt\6.10.3\mingw_64\lib\Qt6QuickControls2Fusion.prl
2026-09-03 16:03:22,371 - aqt.updater - INFO - updater 10520 Patching C:\Qt\6.10.3\mingw_64\lib\Qt6QuickControls2FusionStyleImpl.prl
2026-09-03 16:03:22,379 - aqt.updater - INFO - updater 10520 Patching C:\Qt\6.10.3\mingw_64\lib\Qt6QuickControls2Imagine.prl
2026-09-03 16:03:22,388 - aqt.updater - INFO - updater 10520 Patching C:\Qt\6.10.3\mingw_64\lib\Qt6QuickControls2ImagineStyleImpl.prl
2026-09-03 16:03:22,397 - aqt.updater - INFO - updater 10520 Patching C:\Qt\6.10.3\mingw_64\lib\Qt6QuickControls2Impl.prl
2026-09-03 16:03:22,405 - aqt.updater - INFO - updater 10520 Patching C:\Qt\6.10.3\mingw_64\lib\Qt6QuickControls2Material.prl
2026-09-03 16:03:22,414 - aqt.updater - INFO - updater 10520 Patching C:\Qt\6.10.3\mingw_64\lib\Qt6QuickControls2MaterialStyleImpl.prl
2026-09-03 16:03:22,422 - aqt.updater - INFO - updater 10520 Patching C:\Qt\6.10.3\mingw_64\lib\Qt6QuickControls2Universal.prl
2026-09-03 16:03:22,432 - aqt.updater - INFO - updater 10520 Patching C:\Qt\6.10.3\mingw_64\lib\Qt6QuickControls2UniversalStyleImpl.prl
2026-09-03 16:03:22,441 - aqt.updater - INFO - updater 10520 Patching C:\Qt\6.10.3\mingw_64\lib\Qt6QuickControls2WindowsStyleImpl.prl
2026-09-03 16:03:22,450 - aqt.updater - INFO - updater 10520 Patching C:\Qt\6.10.3\mingw_64\lib\Qt6QuickControlsTestUtils.prl
2026-09-03 16:03:22,460 - aqt.updater - INFO - updater 10520 Patching C:\Qt\6.10.3\mingw_64\lib\Qt6QuickDialogs2.prl
2026-09-03 16:03:22,470 - aqt.updater - INFO - updater 10520 Patching C:\Qt\6.10.3\mingw_64\lib\Qt6QuickDialogs2QuickImpl.prl
2026-09-03 16:03:22,477 - aqt.updater - INFO - updater 10520 Patching C:\Qt\6.10.3\mingw_64\lib\Qt6QuickDialogs2Utils.prl
2026-09-03 16:03:22,486 - aqt.updater - INFO - updater 10520 Patching C:\Qt\6.10.3\mingw_64\lib\Qt6QuickEffects.prl
2026-09-03 16:03:22,494 - aqt.updater - INFO - updater 10520 Patching C:\Qt\6.10.3\mingw_64\lib\Qt6QuickLayouts.prl
2026-09-03 16:03:22,502 - aqt.updater - INFO - updater 10520 Patching C:\Qt\6.10.3\mingw_64\lib\Qt6QuickParticles.prl
2026-09-03 16:03:22,510 - aqt.updater - INFO - updater 10520 Patching C:\Qt\6.10.3\mingw_64\lib\Qt6QuickShapes.prl
2026-09-03 16:03:22,520 - aqt.updater - INFO - updater 10520 Patching C:\Qt\6.10.3\mingw_64\lib\Qt6QuickShapesDesignHelpers.prl
2026-09-03 16:03:22,527 - aqt.updater - INFO - updater 10520 Patching C:\Qt\6.10.3\mingw_64\lib\Qt6QuickTemplates2.prl
2026-09-03 16:03:22,536 - aqt.updater - INFO - updater 10520 Patching C:\Qt\6.10.3\mingw_64\lib\Qt6QuickTest.prl
2026-09-03 16:03:22,543 - aqt.updater - INFO - updater 10520 Patching C:\Qt\6.10.3\mingw_64\lib\Qt6QuickTestUtils.prl
2026-09-03 16:03:22,552 - aqt.updater - INFO - updater 10520 Patching C:\Qt\6.10.3\mingw_64\lib\Qt6QuickVectorImage.prl
2026-09-03 16:03:22,559 - aqt.updater - INFO - updater 10520 Patching C:\Qt\6.10.3\mingw_64\lib\Qt6QuickVectorImageGenerator.prl
2026-09-03 16:03:22,568 - aqt.updater - INFO - updater 10520 Patching C:\Qt\6.10.3\mingw_64\lib\Qt6QuickVectorImageHelpers.prl
2026-09-03 16:03:22,577 - aqt.updater - INFO - updater 10520 Patching C:\Qt\6.10.3\mingw_64\lib\Qt6QuickWidgets.prl
2026-09-03 16:03:22,585 - aqt.updater - INFO - updater 10520 Patching C:\Qt\6.10.3\mingw_64\lib\Qt6Sql.prl
2026-09-03 16:03:22,594 - aqt.updater - INFO - updater 10520 Patching C:\Qt\6.10.3\mingw_64\lib\Qt6Svg.prl
2026-09-03 16:03:22,603 - aqt.updater - INFO - updater 10520 Patching C:\Qt\6.10.3\mingw_64\lib\Qt6SvgWidgets.prl
2026-09-03 16:03:22,611 - aqt.updater - INFO - updater 10520 Patching C:\Qt\6.10.3\mingw_64\lib\Qt6Test.prl
2026-09-03 16:03:22,618 - aqt.updater - INFO - updater 10520 Patching C:\Qt\6.10.3\mingw_64\lib\Qt6UiTools.prl
2026-09-03 16:03:22,627 - aqt.updater - INFO - updater 10520 Patching C:\Qt\6.10.3\mingw_64\lib\Qt6Widgets.prl
2026-09-03 16:03:22,636 - aqt.updater - INFO - updater 10520 Patching C:\Qt\6.10.3\mingw_64\lib\Qt6Xml.prl
2026-09-03 16:03:22,645 - aqt.main - INFO - installer 10520 Finished installation
2026-09-03 16:03:22,645 - aqt.main - INFO - installer 10520 Time elapsed: 56.77409880 second
2026-09-03 16:03:23,207 - aqt.main - INFO - installer 7072 aqtinstall(aqt) v3.3.0 on Python 3.13.6 [CPython MSC v.1944 64 bit (AMD64)]
2026-09-03 16:03:23,208 - aqt.helper - DEBUG - helper 7072 Attempt to download checksum at https://download.qt.io/online/qtsdkrepository/windows_x86/desktop/tools_mingw1310/Updates.xml.sha256
2026-09-03 16:03:26,004 - aqt.helper - DEBUG - helper 7072 Attempt to download checksum at https://download.qt.io/online/qtsdkrepository/windows_x86/desktop/tools_mingw1310/Updates.xml.sha256
2026-09-03 16:03:31,315 - aqt.helper - DEBUG - helper 22940 Attempt to download checksum at https://download.qt.io/online/qtsdkrepository/windows_x86/desktop/tools_mingw1310/qt.tools.win64_mingw1310/13.1.0-202407240918mingw1310.7z.sha256
2026-09-03 16:03:33,228 - aqt.helper - INFO - helper 22940 Downloading qt.tools.win64_mingw1310...
2026-09-03 16:03:33,228 - aqt.installer - DEBUG - installer 22940 Download URL: https://download.qt.io/online/qtsdkrepository/windows_x86/desktop/tools_mingw1310/qt.tools.win64_mingw1310/13.1.0-202407240918mingw1310.7z
2026-09-03 16:03:34,621 - aqt.helper - DEBUG - helper 22940 Asked to redirect(302) to: https://qt.mirror.constant.com/online/qtsdkrepository/windows_x86/desktop/tools_mingw1310/qt.tools.win64_mingw1310/13.1.0-202407240918mingw1310.7z
2026-09-03 16:03:34,621 - aqt.helper - INFO - helper 22940 Redirected: qt.mirror.constant.com
2026-09-03 16:04:33,675 - aqt.installer - INFO - installer 22940 Finished installation of mingw1310.7z in 62.36270740
2026-09-03 16:04:33,800 - aqt.main - INFO - installer 7072 Finished installation
2026-09-03 16:04:33,800 - aqt.main - INFO - installer 7072 Time elapsed: 70.59302390 second
2026-09-08 10:52:47,388 - aqt.main - INFO - installer 13088 aqtinstall(aqt) v3.3.0 on Python 3.13.6 [CPython MSC v.1944 64 bit (AMD64)]
2026-09-08 10:52:47,390 - aqt.helper - DEBUG - helper 13088 Attempt to download checksum at https://download.qt.io/online/qtsdkrepository/windows_x86/desktop/qt6_6103/qt6_6103/Updates.xml.sha256
2026-09-08 10:52:50,605 - aqt.helper - DEBUG - helper 13088 Attempt to download checksum at https://download.qt.io/online/qtsdkrepository/windows_x86/extensions/qtwebengine/6103/mingw/Updates.xml.sha256
2026-09-08 10:52:52,126 - aqt.helper - DEBUG - helper 13088 Attempt to download checksum at https://download.qt.io/online/qtsdkrepository/windows_x86/extensions/qtwebengine/6103/mingw/Updates.xml.sha256
2026-09-08 10:52:53,524 - aqt.helper - DEBUG - helper 13088 Attempt to download checksum at https://download.qt.io/online/qtsdkrepository/windows_x86/extensions/qtwebengine/6103/mingw/Updates.xml.sha256
2026-09-08 10:52:55,083 - aqt.helper - DEBUG - helper 13088 Attempt to download checksum at https://download.qt.io/online/qtsdkrepository/windows_x86/extensions/qtwebengine/6103/mingw/Updates.xml.sha256
2026-09-08 10:52:56,569 - aqt.helper - DEBUG - helper 13088 Attempt to download checksum at https://download.qt.io/online/qtsdkrepository/windows_x86/extensions/qtwebengine/6103/mingw/Updates.xml.sha256
2026-09-08 10:52:58,001 - aqt.helper - DEBUG - helper 13088 Attempt to download checksum at https://download.qt.io/online/qtsdkrepository/windows_x86/extensions/qtpdf/6103/mingw/Updates.xml.sha256
2026-09-08 10:53:00,990 - aqt.archives - INFO - archives 13088 Found extension qtpdf
2026-09-08 10:53:02,153 - aqt.helper - DEBUG - helper 4052 Attempt to download checksum at https://download.qt.io/online/qtsdkrepository/windows_x86/desktop/qt6_6103/qt6_6103/qt.qt6.6103.win64_mingw/6.10.3-0-202603310407qtsvg-Windows-Windows_11_24H2-Mingw-Windows-Windows_11_24H2-X86_64.7z.sha256
2026-09-08 10:53:02,154 - aqt.helper - DEBUG - helper 22424 Attempt to download checksum at https://download.qt.io/online/qtsdkrepository/windows_x86/desktop/qt6_6103/qt6_6103/qt.qt6.6103.win64_mingw/6.10.3-0-202603310407qtbase-Windows-Windows_11_24H2-Mingw-Windows-Windows_11_24H2-X86_64.7z.sha256
2026-09-08 10:53:02,193 - aqt.helper - DEBUG - helper 20108 Attempt to download checksum at https://download.qt.io/online/qtsdkrepository/windows_x86/desktop/qt6_6103/qt6_6103/qt.qt6.6103.win64_mingw/6.10.3-0-202603310407qtdeclarative-Windows-Windows_11_24H2-Mingw-Windows-Windows_11_24H2-X86_64.7z.sha256
2026-09-08 10:53:02,321 - aqt.helper - DEBUG - helper 7640 Attempt to download checksum at https://download.qt.io/online/qtsdkrepository/windows_x86/desktop/qt6_6103/qt6_6103/qt.qt6.6103.win64_mingw/6.10.3-0-202603310407qttools-Windows-Windows_11_24H2-Mingw-Windows-Windows_11_24H2-X86_64.7z.sha256
2026-09-08 10:53:03,972 - aqt.helper - INFO - helper 22424 Downloading qtbase...
2026-09-08 10:53:03,973 - aqt.installer - DEBUG - installer 22424 Download URL: https://download.qt.io/online/qtsdkrepository/windows_x86/desktop/qt6_6103/qt6_6103/qt.qt6.6103.win64_mingw/6.10.3-0-202603310407qtbase-Windows-Windows_11_24H2-Mingw-Windows-Windows_11_24H2-X86_64.7z
2026-09-08 10:53:04,001 - aqt.helper - INFO - helper 4052 Downloading qtsvg...
2026-09-08 10:53:04,002 - aqt.installer - DEBUG - installer 4052 Download URL: https://download.qt.io/online/qtsdkrepository/windows_x86/desktop/qt6_6103/qt6_6103/qt.qt6.6103.win64_mingw/6.10.3-0-202603310407qtsvg-Windows-Windows_11_24H2-Mingw-Windows-Windows_11_24H2-X86_64.7z
2026-09-08 10:53:04,019 - aqt.helper - INFO - helper 7640 Downloading qttools...
2026-09-08 10:53:04,019 - aqt.installer - DEBUG - installer 7640 Download URL: https://download.qt.io/online/qtsdkrepository/windows_x86/desktop/qt6_6103/qt6_6103/qt.qt6.6103.win64_mingw/6.10.3-0-202603310407qttools-Windows-Windows_11_24H2-Mingw-Windows-Windows_11_24H2-X86_64.7z
2026-09-08 10:53:04,054 - aqt.helper - INFO - helper 20108 Downloading qtdeclarative...
2026-09-08 10:53:04,054 - aqt.installer - DEBUG - installer 20108 Download URL: https://download.qt.io/online/qtsdkrepository/windows_x86/desktop/qt6_6103/qt6_6103/qt.qt6.6103.win64_mingw/6.10.3-0-202603310407qtdeclarative-Windows-Windows_11_24H2-Mingw-Windows-Windows_11_24H2-X86_64.7z
2026-09-08 10:53:05,690 - aqt.helper - DEBUG - helper 22424 Asked to redirect(302) to: https://qt.mirror.constant.com/online/qtsdkrepository/windows_x86/desktop/qt6_6103/qt6_6103/qt.qt6.6103.win64_mingw/6.10.3-0-202603310407qtbase-Windows-Windows_11_24H2-Mingw-Windows-Windows_11_24H2-X86_64.7z
2026-09-08 10:53:05,691 - aqt.helper - INFO - helper 22424 Redirected: qt.mirror.constant.com
2026-09-08 10:53:05,709 - aqt.helper - DEBUG - helper 4052 Asked to redirect(302) to: https://qt.mirror.constant.com/online/qtsdkrepository/windows_x86/desktop/qt6_6103/qt6_6103/qt.qt6.6103.win64_mingw/6.10.3-0-202603310407qtsvg-Windows-Windows_11_24H2-Mingw-Windows-Windows_11_24H2-X86_64.7z
2026-09-08 10:53:05,709 - aqt.helper - INFO - helper 4052 Redirected: qt.mirror.constant.com
2026-09-08 10:53:05,798 - aqt.helper - DEBUG - helper 7640 Asked to redirect(302) to: https://qt.mirror.constant.com/online/qtsdkrepository/windows_x86/desktop/qt6_6103/qt6_6103/qt.qt6.6103.win64_mingw/6.10.3-0-202603310407qttools-Windows-Windows_11_24H2-Mingw-Windows-Windows_11_24H2-X86_64.7z
2026-09-08 10:53:05,798 - aqt.helper - INFO - helper 7640 Redirected: qt.mirror.constant.com
2026-09-08 10:53:05,937 - aqt.helper - DEBUG - helper 20108 Asked to redirect(302) to: https://qt.mirror.constant.com/online/qtsdkrepository/windows_x86/desktop/qt6_6103/qt6_6103/qt.qt6.6103.win64_mingw/6.10.3-0-202603310407qtdeclarative-Windows-Windows_11_24H2-Mingw-Windows-Windows_11_24H2-X86_64.7z
2026-09-08 10:53:05,937 - aqt.helper - INFO - helper 20108 Redirected: qt.mirror.constant.com
2026-09-08 10:53:07,940 - aqt.installer - INFO - installer 4052 Finished installation of qtsvg-Windows-Windows_11_24H2-Mingw-Windows-Windows_11_24H2-X86_64.7z in 5.79170380
2026-09-08 10:53:07,966 - aqt.helper - DEBUG - helper 4052 Attempt to download checksum at https://download.qt.io/online/qtsdkrepository/windows_x86/desktop/qt6_6103/qt6_6103/qt.qt6.6103.win64_mingw/6.10.3-0-202603310407qttranslations-Windows-Windows_11_24H2-Mingw-Windows-Windows_11_24H2-X86_64.7z.sha256
2026-09-08 10:53:09,449 - aqt.helper - INFO - helper 4052 Downloading qttranslations...
2026-09-08 10:53:09,449 - aqt.installer - DEBUG - installer 4052 Download URL: https://download.qt.io/online/qtsdkrepository/windows_x86/desktop/qt6_6103/qt6_6103/qt.qt6.6103.win64_mingw/6.10.3-0-202603310407qttranslations-Windows-Windows_11_24H2-Mingw-Windows-Windows_11_24H2-X86_64.7z
2026-09-08 10:53:10,883 - aqt.helper - DEBUG - helper 4052 Asked to redirect(302) to: https://qt.mirror.constant.com/online/qtsdkrepository/windows_x86/desktop/qt6_6103/qt6_6103/qt.qt6.6103.win64_mingw/6.10.3-0-202603310407qttranslations-Windows-Windows_11_24H2-Mingw-Windows-Windows_11_24H2-X86_64.7z
2026-09-08 10:53:10,884 - aqt.helper - INFO - helper 4052 Redirected: qt.mirror.constant.com
2026-09-08 10:53:15,106 - aqt.installer - INFO - installer 7640 Finished installation of qttools-Windows-Windows_11_24H2-Mingw-Windows-Windows_11_24H2-X86_64.7z in 12.78954160
2026-09-08 10:53:15,128 - aqt.helper - DEBUG - helper 7640 Attempt to download checksum at https://download.qt.io/online/qtsdkrepository/windows_x86/desktop/qt6_6103/qt6_6103/qt.qt6.6103.win64_mingw/6.10.3-0-202603310407MinGW-w64-x86_64-13.1.0-release-posix-seh-msvcrt-rt_v11-rev1-runtime.7z.sha256
2026-09-08 10:53:15,637 - aqt.installer - INFO - installer 4052 Finished installation of qttranslations-Windows-Windows_11_24H2-Mingw-Windows-Windows_11_24H2-X86_64.7z in 7.67552360
2026-09-08 10:53:15,650 - aqt.helper - DEBUG - helper 4052 Attempt to download checksum at https://download.qt.io/online/qtsdkrepository/windows_x86/desktop/qt6_6103/qt6_6103/qt.qt6.6103.win64_mingw/6.10.3-0-202603310407d3dcompiler_47-x64.7z.sha256
2026-09-08 10:53:16,572 - aqt.helper - INFO - helper 7640 Downloading MinGW...
2026-09-08 10:53:16,572 - aqt.installer - DEBUG - installer 7640 Download URL: https://download.qt.io/online/qtsdkrepository/windows_x86/desktop/qt6_6103/qt6_6103/qt.qt6.6103.win64_mingw/6.10.3-0-202603310407MinGW-w64-x86_64-13.1.0-release-posix-seh-msvcrt-rt_v11-rev1-runtime.7z
2026-09-08 10:53:17,701 - aqt.helper - INFO - helper 4052 Downloading d3dcompiler_47...
2026-09-08 10:53:17,702 - aqt.installer - DEBUG - installer 4052 Download URL: https://download.qt.io/online/qtsdkrepository/windows_x86/desktop/qt6_6103/qt6_6103/qt.qt6.6103.win64_mingw/6.10.3-0-202603310407d3dcompiler_47-x64.7z
2026-09-08 10:53:17,914 - aqt.helper - DEBUG - helper 7640 Asked to redirect(302) to: https://qt.mirror.constant.com/online/qtsdkrepository/windows_x86/desktop/qt6_6103/qt6_6103/qt.qt6.6103.win64_mingw/6.10.3-0-202603310407MinGW-w64-x86_64-13.1.0-release-posix-seh-msvcrt-rt_v11-rev1-runtime.7z
2026-09-08 10:53:17,914 - aqt.helper - INFO - helper 7640 Redirected: qt.mirror.constant.com
2026-09-08 10:53:19,100 - aqt.helper - DEBUG - helper 4052 Asked to redirect(302) to: https://qt.mirror.constant.com/online/qtsdkrepository/windows_x86/desktop/qt6_6103/qt6_6103/qt.qt6.6103.win64_mingw/6.10.3-0-202603310407d3dcompiler_47-x64.7z
2026-09-08 10:53:19,100 - aqt.helper - INFO - helper 4052 Redirected: qt.mirror.constant.com
2026-09-08 10:53:19,992 - aqt.installer - INFO - installer 7640 Finished installation of MinGW-w64-x86_64-13.1.0-release-posix-seh-msvcrt-rt_v11-rev1-runtime.7z in 4.86763250
2026-09-08 10:53:20,016 - aqt.helper - DEBUG - helper 7640 Attempt to download checksum at https://download.qt.io/online/qtsdkrepository/windows_x86/desktop/qt6_6103/qt6_6103/qt.qt6.6103.win64_mingw/6.10.3-0-202603310407opengl32sw-64-mesa_11_2_2-signed_sha256.7z.sha256
2026-09-08 10:53:21,553 - aqt.helper - INFO - helper 7640 Downloading opengl32sw...
2026-09-08 10:53:21,553 - aqt.installer - DEBUG - installer 7640 Download URL: https://download.qt.io/online/qtsdkrepository/windows_x86/desktop/qt6_6103/qt6_6103/qt.qt6.6103.win64_mingw/6.10.3-0-202603310407opengl32sw-64-mesa_11_2_2-signed_sha256.7z
2026-09-08 10:53:21,821 - aqt.installer - INFO - installer 4052 Finished installation of d3dcompiler_47-x64.7z in 6.17352230
2026-09-08 10:53:23,318 - aqt.helper - DEBUG - helper 7640 Asked to redirect(302) to: https://qt.mirror.constant.com/online/qtsdkrepository/windows_x86/desktop/qt6_6103/qt6_6103/qt.qt6.6103.win64_mingw/6.10.3-0-202603310407opengl32sw-64-mesa_11_2_2-signed_sha256.7z
2026-09-08 10:53:23,318 - aqt.helper - INFO - helper 7640 Redirected: qt.mirror.constant.com
2026-09-08 10:53:27,390 - aqt.installer - INFO - installer 7640 Finished installation of opengl32sw-64-mesa_11_2_2-signed_sha256.7z in 7.37773110
2026-09-08 10:53:30,908 - aqt.installer - INFO - installer 22424 Finished installation of qtbase-Windows-Windows_11_24H2-Mingw-Windows-Windows_11_24H2-X86_64.7z in 28.75616050
2026-09-08 10:53:40,247 - aqt.installer - INFO - installer 20108 Finished installation of qtdeclarative-Windows-Windows_11_24H2-Mingw-Windows-Windows_11_24H2-X86_64.7z in 38.05531530
2026-09-08 10:53:40,585 - aqt.updater - INFO - updater 13088 Patching C:\Qt\6.10.3\mingw_64\bin\qmake.exe
2026-09-08 10:53:40,592 - aqt.updater - INFO - updater 13088 Patching C:\Qt\6.10.3\mingw_64\lib\pkgconfig\Qt6Concurrent.pc
2026-09-08 10:53:40,600 - aqt.updater - INFO - updater 13088 Patching C:\Qt\6.10.3\mingw_64\lib\pkgconfig\Qt6Core.pc
2026-09-08 10:53:40,606 - aqt.updater - INFO - updater 13088 Patching C:\Qt\6.10.3\mingw_64\lib\pkgconfig\Qt6DBus.pc
2026-09-08 10:53:40,613 - aqt.updater - INFO - updater 13088 Patching C:\Qt\6.10.3\mingw_64\lib\pkgconfig\Qt6Designer.pc
2026-09-08 10:53:40,620 - aqt.updater - INFO - updater 13088 Patching C:\Qt\6.10.3\mingw_64\lib\pkgconfig\Qt6Gui.pc
2026-09-08 10:53:40,628 - aqt.updater - INFO - updater 13088 Patching C:\Qt\6.10.3\mingw_64\lib\pkgconfig\Qt6Help.pc
2026-09-08 10:53:40,633 - aqt.updater - INFO - updater 13088 Patching C:\Qt\6.10.3\mingw_64\lib\pkgconfig\Qt6LabsAnimation.pc
2026-09-08 10:53:40,642 - aqt.updater - INFO - updater 13088 Patching C:\Qt\6.10.3\mingw_64\lib\pkgconfig\Qt6LabsFolderListModel.pc
2026-09-08 10:53:40,648 - aqt.updater - INFO - updater 13088 Patching C:\Qt\6.10.3\mingw_64\lib\pkgconfig\Qt6LabsPlatform.pc
2026-09-08 10:53:40,655 - aqt.updater - INFO - updater 13088 Patching C:\Qt\6.10.3\mingw_64\lib\pkgconfig\Qt6LabsQmlModels.pc
2026-09-08 10:53:40,661 - aqt.updater - INFO - updater 13088 Patching C:\Qt\6.10.3\mingw_64\lib\pkgconfig\Qt6LabsSettings.pc
2026-09-08 10:53:40,668 - aqt.updater - INFO - updater 13088 Patching C:\Qt\6.10.3\mingw_64\lib\pkgconfig\Qt6LabsSharedImage.pc
2026-09-08 10:53:40,676 - aqt.updater - INFO - updater 13088 Patching C:\Qt\6.10.3\mingw_64\lib\pkgconfig\Qt6LabsSynchronizer.pc
2026-09-08 10:53:40,682 - aqt.updater - INFO - updater 13088 Patching C:\Qt\6.10.3\mingw_64\lib\pkgconfig\Qt6LabsWavefrontMesh.pc
2026-09-08 10:53:40,689 - aqt.updater - INFO - updater 13088 Patching C:\Qt\6.10.3\mingw_64\lib\pkgconfig\Qt6Linguist.pc
2026-09-08 10:53:40,695 - aqt.updater - INFO - updater 13088 Patching C:\Qt\6.10.3\mingw_64\lib\pkgconfig\Qt6Network.pc
2026-09-08 10:53:40,701 - aqt.updater - INFO - updater 13088 Patching C:\Qt\6.10.3\mingw_64\lib\pkgconfig\Qt6OpenGL.pc
2026-09-08 10:53:40,708 - aqt.updater - INFO - updater 13088 Patching C:\Qt\6.10.3\mingw_64\lib\pkgconfig\Qt6OpenGLWidgets.pc
2026-09-08 10:53:40,714 - aqt.updater - INFO - updater 13088 Patching C:\Qt\6.10.3\mingw_64\lib\pkgconfig\Qt6Platform.pc
2026-09-08 10:53:40,720 - aqt.updater - INFO - updater 13088 Patching C:\Qt\6.10.3\mingw_64\lib\pkgconfig\Qt6PrintSupport.pc
2026-09-08 10:53:40,727 - aqt.updater - INFO - updater 13088 Patching C:\Qt\6.10.3\mingw_64\lib\pkgconfig\Qt6Qml.pc
2026-09-08 10:53:40,732 - aqt.updater - INFO - updater 13088 Patching C:\Qt\6.10.3\mingw_64\lib\pkgconfig\Qt6QmlAssetDownloader.pc
2026-09-08 10:53:40,739 - aqt.updater - INFO - updater 13088 Patching C:\Qt\6.10.3\mingw_64\lib\pkgconfig\Qt6QmlCompiler.pc
2026-09-08 10:53:40,746 - aqt.updater - INFO - updater 13088 Patching C:\Qt\6.10.3\mingw_64\lib\pkgconfig\Qt6QmlCore.pc
2026-09-08 10:53:40,751 - aqt.updater - INFO - updater 13088 Patching C:\Qt\6.10.3\mingw_64\lib\pkgconfig\Qt6QmlIntegration.pc
2026-09-08 10:53:40,762 - aqt.updater - INFO - updater 13088 Patching C:\Qt\6.10.3\mingw_64\lib\pkgconfig\Qt6QmlLocalStorage.pc
2026-09-08 10:53:40,771 - aqt.updater - INFO - updater 13088 Patching C:\Qt\6.10.3\mingw_64\lib\pkgconfig\Qt6QmlMeta.pc
2026-09-08 10:53:40,781 - aqt.updater - INFO - updater 13088 Patching C:\Qt\6.10.3\mingw_64\lib\pkgconfig\Qt6QmlModels.pc
2026-09-08 10:53:40,792 - aqt.updater - INFO - updater 13088 Patching C:\Qt\6.10.3\mingw_64\lib\pkgconfig\Qt6QmlNetwork.pc
2026-09-08 10:53:40,797 - aqt.updater - INFO - updater 13088 Patching C:\Qt\6.10.3\mingw_64\lib\pkgconfig\Qt6QmlWorkerScript.pc
2026-09-08 10:53:40,804 - aqt.updater - INFO - updater 13088 Patching C:\Qt\6.10.3\mingw_64\lib\pkgconfig\Qt6QmlXmlListModel.pc
2026-09-08 10:53:40,811 - aqt.updater - INFO - updater 13088 Patching C:\Qt\6.10.3\mingw_64\lib\pkgconfig\Qt6Quick.pc
2026-09-08 10:53:40,817 - aqt.updater - INFO - updater 13088 Patching C:\Qt\6.10.3\mingw_64\lib\pkgconfig\Qt6QuickControls2.pc
2026-09-08 10:53:40,826 - aqt.updater - INFO - updater 13088 Patching C:\Qt\6.10.3\mingw_64\lib\pkgconfig\Qt6QuickControls2Basic.pc
2026-09-08 10:53:40,833 - aqt.updater - INFO - updater 13088 Patching C:\Qt\6.10.3\mingw_64\lib\pkgconfig\Qt6QuickControls2BasicStyleImpl.pc
2026-09-08 10:53:40,840 - aqt.updater - INFO - updater 13088 Patching C:\Qt\6.10.3\mingw_64\lib\pkgconfig\Qt6QuickControls2FluentWinUI3StyleImpl.pc
2026-09-08 10:53:40,848 - aqt.updater - INFO - updater 13088 Patching C:\Qt\6.10.3\mingw_64\lib\pkgconfig\Qt6QuickControls2Fusion.pc
2026-09-08 10:53:40,855 - aqt.updater - INFO - updater 13088 Patching C:\Qt\6.10.3\mingw_64\lib\pkgconfig\Qt6QuickControls2FusionStyleImpl.pc
2026-09-08 10:53:40,864 - aqt.updater - INFO - updater 13088 Patching C:\Qt\6.10.3\mingw_64\lib\pkgconfig\Qt6QuickControls2Imagine.pc
2026-09-08 10:53:40,872 - aqt.updater - INFO - updater 13088 Patching C:\Qt\6.10.3\mingw_64\lib\pkgconfig\Qt6QuickControls2ImagineStyleImpl.pc
2026-09-08 10:53:40,880 - aqt.updater - INFO - updater 13088 Patching C:\Qt\6.10.3\mingw_64\lib\pkgconfig\Qt6QuickControls2Impl.pc
2026-09-08 10:53:40,888 - aqt.updater - INFO - updater 13088 Patching C:\Qt\6.10.3\mingw_64\lib\pkgconfig\Qt6QuickControls2Material.pc
2026-09-08 10:53:40,895 - aqt.updater - INFO - updater 13088 Patching C:\Qt\6.10.3\mingw_64\lib\pkgconfig\Qt6QuickControls2MaterialStyleImpl.pc
2026-09-08 10:53:40,906 - aqt.updater - INFO - updater 13088 Patching C:\Qt\6.10.3\mingw_64\lib\pkgconfig\Qt6QuickControls2Universal.pc
2026-09-08 10:53:40,912 - aqt.updater - INFO - updater 13088 Patching C:\Qt\6.10.3\mingw_64\lib\pkgconfig\Qt6QuickControls2UniversalStyleImpl.pc
2026-09-08 10:53:40,921 - aqt.updater - INFO - updater 13088 Patching C:\Qt\6.10.3\mingw_64\lib\pkgconfig\Qt6QuickControls2WindowsStyleImpl.pc
2026-09-08 10:53:40,930 - aqt.updater - INFO - updater 13088 Patching C:\Qt\6.10.3\mingw_64\lib\pkgconfig\Qt6QuickDialogs2.pc
2026-09-08 10:53:40,940 - aqt.updater - INFO - updater 13088 Patching C:\Qt\6.10.3\mingw_64\lib\pkgconfig\Qt6QuickDialogs2QuickImpl.pc
2026-09-08 10:53:40,946 - aqt.updater - INFO - updater 13088 Patching C:\Qt\6.10.3\mingw_64\lib\pkgconfig\Qt6QuickDialogs2Utils.pc
2026-09-08 10:53:40,954 - aqt.updater - INFO - updater 13088 Patching C:\Qt\6.10.3\mingw_64\lib\pkgconfig\Qt6QuickEffects.pc
2026-09-08 10:53:40,964 - aqt.updater - INFO - updater 13088 Patching C:\Qt\6.10.3\mingw_64\lib\pkgconfig\Qt6QuickLayouts.pc
2026-09-08 10:53:40,973 - aqt.updater - INFO - updater 13088 Patching C:\Qt\6.10.3\mingw_64\lib\pkgconfig\Qt6QuickTemplates2.pc
2026-09-08 10:53:40,981 - aqt.updater - INFO - updater 13088 Patching C:\Qt\6.10.3\mingw_64\lib\pkgconfig\Qt6QuickTest.pc
2026-09-08 10:53:40,989 - aqt.updater - INFO - updater 13088 Patching C:\Qt\6.10.3\mingw_64\lib\pkgconfig\Qt6QuickVectorImage.pc
2026-09-08 10:53:40,998 - aqt.updater - INFO - updater 13088 Patching C:\Qt\6.10.3\mingw_64\lib\pkgconfig\Qt6QuickVectorImageHelpers.pc
2026-09-08 10:53:41,007 - aqt.updater - INFO - updater 13088 Patching C:\Qt\6.10.3\mingw_64\lib\pkgconfig\Qt6QuickWidgets.pc
2026-09-08 10:53:41,015 - aqt.updater - INFO - updater 13088 Patching C:\Qt\6.10.3\mingw_64\lib\pkgconfig\Qt6Sql.pc
2026-09-08 10:53:41,028 - aqt.updater - INFO - updater 13088 Patching C:\Qt\6.10.3\mingw_64\lib\pkgconfig\Qt6Svg.pc
2026-09-08 10:53:41,041 - aqt.updater - INFO - updater 13088 Patching C:\Qt\6.10.3\mingw_64\lib\pkgconfig\Qt6SvgWidgets.pc
2026-09-08 10:53:41,050 - aqt.updater - INFO - updater 13088 Patching C:\Qt\6.10.3\mingw_64\lib\pkgconfig\Qt6Test.pc
2026-09-08 10:53:41,061 - aqt.updater - INFO - updater 13088 Patching C:\Qt\6.10.3\mingw_64\lib\pkgconfig\Qt6UiPlugin.pc
2026-09-08 10:53:41,071 - aqt.updater - INFO - updater 13088 Patching C:\Qt\6.10.3\mingw_64\lib\pkgconfig\Qt6UiTools.pc
2026-09-08 10:53:41,079 - aqt.updater - INFO - updater 13088 Patching C:\Qt\6.10.3\mingw_64\lib\pkgconfig\Qt6Widgets.pc
2026-09-08 10:53:41,087 - aqt.updater - INFO - updater 13088 Patching C:\Qt\6.10.3\mingw_64\lib\pkgconfig\Qt6Xml.pc
2026-09-08 10:53:41,100 - aqt.updater - INFO - updater 13088 Patching C:\Qt\6.10.3\mingw_64\lib\Qt6Concurrent.prl
2026-09-08 10:53:41,109 - aqt.updater - INFO - updater 13088 Patching C:\Qt\6.10.3\mingw_64\lib\Qt6Core.prl
2026-09-08 10:53:41,117 - aqt.updater - INFO - updater 13088 Patching C:\Qt\6.10.3\mingw_64\lib\Qt6DBus.prl
2026-09-08 10:53:41,124 - aqt.updater - INFO - updater 13088 Patching C:\Qt\6.10.3\mingw_64\lib\Qt6Designer.prl
2026-09-08 10:53:41,138 - aqt.updater - INFO - updater 13088 Patching C:\Qt\6.10.3\mingw_64\lib\Qt6DesignerComponents.prl
2026-09-08 10:53:41,148 - aqt.updater - INFO - updater 13088 Patching C:\Qt\6.10.3\mingw_64\lib\Qt6DeviceDiscoverySupport.prl
2026-09-08 10:53:41,156 - aqt.updater - INFO - updater 13088 Patching C:\Qt\6.10.3\mingw_64\lib\Qt6EntryPoint.prl
2026-09-08 10:53:41,164 - aqt.updater - INFO - updater 13088 Patching C:\Qt\6.10.3\mingw_64\lib\Qt6ExampleIcons.prl
2026-09-08 10:53:41,173 - aqt.updater - INFO - updater 13088 Patching C:\Qt\6.10.3\mingw_64\lib\Qt6ExamplesAssetDownloader.prl
2026-09-08 10:53:41,179 - aqt.updater - INFO - updater 13088 Patching C:\Qt\6.10.3\mingw_64\lib\Qt6FbSupport.prl
2026-09-08 10:53:41,187 - aqt.updater - INFO - updater 13088 Patching C:\Qt\6.10.3\mingw_64\lib\Qt6Gui.prl
2026-09-08 10:53:41,195 - aqt.updater - INFO - updater 13088 Patching C:\Qt\6.10.3\mingw_64\lib\Qt6Help.prl
2026-09-08 10:53:41,202 - aqt.updater - INFO - updater 13088 Patching C:\Qt\6.10.3\mingw_64\lib\Qt6LabsAnimation.prl
2026-09-08 10:53:41,210 - aqt.updater - INFO - updater 13088 Patching C:\Qt\6.10.3\mingw_64\lib\Qt6LabsFolderListModel.prl
2026-09-08 10:53:41,217 - aqt.updater - INFO - updater 13088 Patching C:\Qt\6.10.3\mingw_64\lib\Qt6LabsPlatform.prl
2026-09-08 10:53:41,226 - aqt.updater - INFO - updater 13088 Patching C:\Qt\6.10.3\mingw_64\lib\Qt6LabsQmlModels.prl
2026-09-08 10:53:41,232 - aqt.updater - INFO - updater 13088 Patching C:\Qt\6.10.3\mingw_64\lib\Qt6LabsSettings.prl
2026-09-08 10:53:41,241 - aqt.updater - INFO - updater 13088 Patching C:\Qt\6.10.3\mingw_64\lib\Qt6LabsSharedImage.prl
2026-09-08 10:53:41,247 - aqt.updater - INFO - updater 13088 Patching C:\Qt\6.10.3\mingw_64\lib\Qt6LabsSynchronizer.prl
2026-09-08 10:53:41,256 - aqt.updater - INFO - updater 13088 Patching C:\Qt\6.10.3\mingw_64\lib\Qt6LabsWavefrontMesh.prl
2026-09-08 10:53:41,263 - aqt.updater - INFO - updater 13088 Patching C:\Qt\6.10.3\mingw_64\lib\Qt6Network.prl
2026-09-08 10:53:41,271 - aqt.updater - INFO - updater 13088 Patching C:\Qt\6.10.3\mingw_64\lib\Qt6OpenGL.prl
2026-09-08 10:53:41,278 - aqt.updater - INFO - updater 13088 Patching C:\Qt\6.10.3\mingw_64\lib\Qt6OpenGLWidgets.prl
2026-09-08 10:53:41,285 - aqt.updater - INFO - updater 13088 Patching C:\Qt\6.10.3\mingw_64\lib\Qt6PacketProtocol.prl
2026-09-08 10:53:41,292 - aqt.updater - INFO - updater 13088 Patching C:\Qt\6.10.3\mingw_64\lib\Qt6PrintSupport.prl
2026-09-08 10:53:41,299 - aqt.updater - INFO - updater 13088 Patching C:\Qt\6.10.3\mingw_64\lib\Qt6Qml.prl
2026-09-08 10:53:41,308 - aqt.updater - INFO - updater 13088 Patching C:\Qt\6.10.3\mingw_64\lib\Qt6QmlAssetDownloader.prl
2026-09-08 10:53:41,316 - aqt.updater - INFO - updater 13088 Patching C:\Qt\6.10.3\mingw_64\lib\Qt6QmlCompiler.prl
2026-09-08 10:53:41,325 - aqt.updater - INFO - updater 13088 Patching C:\Qt\6.10.3\mingw_64\lib\Qt6QmlCore.prl
2026-09-08 10:53:41,332 - aqt.updater - INFO - updater 13088 Patching C:\Qt\6.10.3\mingw_64\lib\Qt6QmlDebug.prl
2026-09-08 10:53:41,339 - aqt.updater - INFO - updater 13088 Patching C:\Qt\6.10.3\mingw_64\lib\Qt6QmlDom.prl
2026-09-08 10:53:41,346 - aqt.updater - INFO - updater 13088 Patching C:\Qt\6.10.3\mingw_64\lib\Qt6QmlFormat.prl
2026-09-08 10:53:41,353 - aqt.updater - INFO - updater 13088 Patching C:\Qt\6.10.3\mingw_64\lib\Qt6QmlLocalStorage.prl
2026-09-08 10:53:41,362 - aqt.updater - INFO - updater 13088 Patching C:\Qt\6.10.3\mingw_64\lib\Qt6QmlLS.prl
2026-09-08 10:53:41,370 - aqt.updater - INFO - updater 13088 Patching C:\Qt\6.10.3\mingw_64\lib\Qt6QmlMeta.prl
2026-09-08 10:53:41,377 - aqt.updater - INFO - updater 13088 Patching C:\Qt\6.10.3\mingw_64\lib\Qt6QmlModels.prl
2026-09-08 10:53:41,384 - aqt.updater - INFO - updater 13088 Patching C:\Qt\6.10.3\mingw_64\lib\Qt6QmlNetwork.prl
2026-09-08 10:53:41,393 - aqt.updater - INFO - updater 13088 Patching C:\Qt\6.10.3\mingw_64\lib\Qt6QmlToolingSettings.prl
2026-09-08 10:53:41,401 - aqt.updater - INFO - updater 13088 Patching C:\Qt\6.10.3\mingw_64\lib\Qt6QmlTypeRegistrar.prl
2026-09-08 10:53:41,413 - aqt.updater - INFO - updater 13088 Patching C:\Qt\6.10.3\mingw_64\lib\Qt6QmlWorkerScript.prl
2026-09-08 10:53:41,421 - aqt.updater - INFO - updater 13088 Patching C:\Qt\6.10.3\mingw_64\lib\Qt6QmlXmlListModel.prl
2026-09-08 10:53:41,430 - aqt.updater - INFO - updater 13088 Patching C:\Qt\6.10.3\mingw_64\lib\Qt6Quick.prl
2026-09-08 10:53:41,437 - aqt.updater - INFO - updater 13088 Patching C:\Qt\6.10.3\mingw_64\lib\Qt6QuickControls2.prl
2026-09-08 10:53:41,446 - aqt.updater - INFO - updater 13088 Patching C:\Qt\6.10.3\mingw_64\lib\Qt6QuickControls2Basic.prl
2026-09-08 10:53:41,455 - aqt.updater - INFO - updater 13088 Patching C:\Qt\6.10.3\mingw_64\lib\Qt6QuickControls2BasicStyleImpl.prl
2026-09-08 10:53:41,464 - aqt.updater - INFO - updater 13088 Patching C:\Qt\6.10.3\mingw_64\lib\Qt6QuickControls2FluentWinUI3StyleImpl.prl
2026-09-08 10:53:41,473 - aqt.updater - INFO - updater 13088 Patching C:\Qt\6.10.3\mingw_64\lib\Qt6QuickControls2Fusion.prl
2026-09-08 10:53:41,480 - aqt.updater - INFO - updater 13088 Patching C:\Qt\6.10.3\mingw_64\lib\Qt6QuickControls2FusionStyleImpl.prl
2026-09-08 10:53:41,489 - aqt.updater - INFO - updater 13088 Patching C:\Qt\6.10.3\mingw_64\lib\Qt6QuickControls2Imagine.prl
2026-09-08 10:53:41,497 - aqt.updater - INFO - updater 13088 Patching C:\Qt\6.10.3\mingw_64\lib\Qt6QuickControls2ImagineStyleImpl.prl
2026-09-08 10:53:41,504 - aqt.updater - INFO - updater 13088 Patching C:\Qt\6.10.3\mingw_64\lib\Qt6QuickControls2Impl.prl
2026-09-08 10:53:41,511 - aqt.updater - INFO - updater 13088 Patching C:\Qt\6.10.3\mingw_64\lib\Qt6QuickControls2Material.prl
2026-09-08 10:53:41,521 - aqt.updater - INFO - updater 13088 Patching C:\Qt\6.10.3\mingw_64\lib\Qt6QuickControls2MaterialStyleImpl.prl
2026-09-08 10:53:41,529 - aqt.updater - INFO - updater 13088 Patching C:\Qt\6.10.3\mingw_64\lib\Qt6QuickControls2Universal.prl
2026-09-08 10:53:41,536 - aqt.updater - INFO - updater 13088 Patching C:\Qt\6.10.3\mingw_64\lib\Qt6QuickControls2UniversalStyleImpl.prl
2026-09-08 10:53:41,543 - aqt.updater - INFO - updater 13088 Patching C:\Qt\6.10.3\mingw_64\lib\Qt6QuickControls2WindowsStyleImpl.prl
2026-09-08 10:53:41,552 - aqt.updater - INFO - updater 13088 Patching C:\Qt\6.10.3\mingw_64\lib\Qt6QuickControlsTestUtils.prl
2026-09-08 10:53:41,563 - aqt.updater - INFO - updater 13088 Patching C:\Qt\6.10.3\mingw_64\lib\Qt6QuickDialogs2.prl
2026-09-08 10:53:41,571 - aqt.updater - INFO - updater 13088 Patching C:\Qt\6.10.3\mingw_64\lib\Qt6QuickDialogs2QuickImpl.prl
2026-09-08 10:53:41,582 - aqt.updater - INFO - updater 13088 Patching C:\Qt\6.10.3\mingw_64\lib\Qt6QuickDialogs2Utils.prl
2026-09-08 10:53:41,588 - aqt.updater - INFO - updater 13088 Patching C:\Qt\6.10.3\mingw_64\lib\Qt6QuickEffects.prl
2026-09-08 10:53:41,598 - aqt.updater - INFO - updater 13088 Patching C:\Qt\6.10.3\mingw_64\lib\Qt6QuickLayouts.prl
2026-09-08 10:53:41,605 - aqt.updater - INFO - updater 13088 Patching C:\Qt\6.10.3\mingw_64\lib\Qt6QuickParticles.prl
2026-09-08 10:53:41,614 - aqt.updater - INFO - updater 13088 Patching C:\Qt\6.10.3\mingw_64\lib\Qt6QuickShapes.prl
2026-09-08 10:53:41,621 - aqt.updater - INFO - updater 13088 Patching C:\Qt\6.10.3\mingw_64\lib\Qt6QuickShapesDesignHelpers.prl
2026-09-08 10:53:41,630 - aqt.updater - INFO - updater 13088 Patching C:\Qt\6.10.3\mingw_64\lib\Qt6QuickTemplates2.prl
2026-09-08 10:53:41,635 - aqt.updater - INFO - updater 13088 Patching C:\Qt\6.10.3\mingw_64\lib\Qt6QuickTest.prl
2026-09-08 10:53:41,646 - aqt.updater - INFO - updater 13088 Patching C:\Qt\6.10.3\mingw_64\lib\Qt6QuickTestUtils.prl
2026-09-08 10:53:41,656 - aqt.updater - INFO - updater 13088 Patching C:\Qt\6.10.3\mingw_64\lib\Qt6QuickVectorImage.prl
2026-09-08 10:53:41,664 - aqt.updater - INFO - updater 13088 Patching C:\Qt\6.10.3\mingw_64\lib\Qt6QuickVectorImageGenerator.prl
2026-09-08 10:53:41,671 - aqt.updater - INFO - updater 13088 Patching C:\Qt\6.10.3\mingw_64\lib\Qt6QuickVectorImageHelpers.prl
2026-09-08 10:53:41,679 - aqt.updater - INFO - updater 13088 Patching C:\Qt\6.10.3\mingw_64\lib\Qt6QuickWidgets.prl
2026-09-08 10:53:41,690 - aqt.updater - INFO - updater 13088 Patching C:\Qt\6.10.3\mingw_64\lib\Qt6Sql.prl
2026-09-08 10:53:41,700 - aqt.updater - INFO - updater 13088 Patching C:\Qt\6.10.3\mingw_64\lib\Qt6Svg.prl
2026-09-08 10:53:41,707 - aqt.updater - INFO - updater 13088 Patching C:\Qt\6.10.3\mingw_64\lib\Qt6SvgWidgets.prl
2026-09-08 10:53:41,716 - aqt.updater - INFO - updater 13088 Patching C:\Qt\6.10.3\mingw_64\lib\Qt6Test.prl
2026-09-08 10:53:41,726 - aqt.updater - INFO - updater 13088 Patching C:\Qt\6.10.3\mingw_64\lib\Qt6UiTools.prl
2026-09-08 10:53:41,733 - aqt.updater - INFO - updater 13088 Patching C:\Qt\6.10.3\mingw_64\lib\Qt6Widgets.prl
2026-09-08 10:53:41,743 - aqt.updater - INFO - updater 13088 Patching C:\Qt\6.10.3\mingw_64\lib\Qt6Xml.prl
2026-09-08 10:53:41,752 - aqt.main - INFO - installer 13088 Finished installation
2026-09-08 10:53:41,752 - aqt.main - INFO - installer 13088 Time elapsed: 54.35687900 second
2026-09-08 10:53:42,237 - aqt.main - INFO - installer 23784 aqtinstall(aqt) v3.3.0 on Python 3.13.6 [CPython MSC v.1944 64 bit (AMD64)]
2026-09-08 10:53:42,237 - aqt.helper - DEBUG - helper 23784 Attempt to download checksum at https://download.qt.io/online/qtsdkrepository/windows_x86/desktop/tools_mingw1310/Updates.xml.sha256
2026-09-08 10:53:46,378 - aqt.helper - DEBUG - helper 23784 Attempt to download checksum at https://download.qt.io/online/qtsdkrepository/windows_x86/desktop/tools_mingw1310/Updates.xml.sha256
2026-09-08 10:53:49,676 - aqt.helper - DEBUG - helper 17072 Attempt to download checksum at https://download.qt.io/online/qtsdkrepository/windows_x86/desktop/tools_mingw1310/qt.tools.win64_mingw1310/13.1.0-202407240918mingw1310.7z.sha256
2026-09-08 10:53:51,317 - aqt.helper - INFO - helper 17072 Downloading qt.tools.win64_mingw1310...
2026-09-08 10:53:51,317 - aqt.installer - DEBUG - installer 17072 Download URL: https://download.qt.io/online/qtsdkrepository/windows_x86/desktop/tools_mingw1310/qt.tools.win64_mingw1310/13.1.0-202407240918mingw1310.7z
2026-09-08 10:53:52,772 - aqt.helper - DEBUG - helper 17072 Asked to redirect(302) to: https://qt.mirror.constant.com/online/qtsdkrepository/windows_x86/desktop/tools_mingw1310/qt.tools.win64_mingw1310/13.1.0-202407240918mingw1310.7z
2026-09-08 10:53:52,773 - aqt.helper - INFO - helper 17072 Redirected: qt.mirror.constant.com
2026-09-08 10:54:37,104 - aqt.installer - WARNING - installer 23784 Caught PermissionError, terminating installer workers
2026-09-08 10:54:37,132 - aqt.main - ERROR - installer 23784 Failed to write to base directory at C:\Qt
==============================Suggested follow-up:==============================
* Check that the destination is writable and does not already contain files owned by another user.
2026-09-08 11:35:34,167 - aqt.main - INFO - installer 23144 aqtinstall(aqt) v3.3.0 on Python 3.13.6 [CPython MSC v.1944 64 bit (AMD64)]
2026-09-08 11:35:34,168 - aqt.helper - DEBUG - helper 23144 Attempt to download checksum at https://download.qt.io/online/qtsdkrepository/windows_x86/desktop/qt6_6103/qt6_6103/Updates.xml.sha256
2026-09-08 11:35:37,409 - aqt.helper - DEBUG - helper 23144 Attempt to download checksum at https://download.qt.io/online/qtsdkrepository/windows_x86/extensions/qtwebengine/6103/mingw/Updates.xml.sha256
2026-09-08 11:35:38,750 - aqt.helper - DEBUG - helper 23144 Attempt to download checksum at https://download.qt.io/online/qtsdkrepository/windows_x86/extensions/qtwebengine/6103/mingw/Updates.xml.sha256
2026-09-08 11:35:40,087 - aqt.helper - DEBUG - helper 23144 Attempt to download checksum at https://download.qt.io/online/qtsdkrepository/windows_x86/extensions/qtwebengine/6103/mingw/Updates.xml.sha256
2026-09-08 11:35:42,622 - aqt.helper - DEBUG - helper 23144 Attempt to download checksum at https://download.qt.io/online/qtsdkrepository/windows_x86/extensions/qtwebengine/6103/mingw/Updates.xml.sha256
2026-09-08 11:35:44,020 - aqt.helper - DEBUG - helper 23144 Attempt to download checksum at https://download.qt.io/online/qtsdkrepository/windows_x86/extensions/qtwebengine/6103/mingw/Updates.xml.sha256
2026-09-08 11:35:45,434 - aqt.helper - DEBUG - helper 23144 Attempt to download checksum at https://download.qt.io/online/qtsdkrepository/windows_x86/extensions/qtpdf/6103/mingw/Updates.xml.sha256
2026-09-08 11:35:48,758 - aqt.archives - INFO - archives 23144 Found extension qtpdf
2026-09-08 11:35:49,228 - aqt.helper - DEBUG - helper 22836 Attempt to download checksum at https://download.qt.io/online/qtsdkrepository/windows_x86/desktop/qt6_6103/qt6_6103/qt.qt6.6103.win64_mingw/6.10.3-0-202603310407qtbase-Windows-Windows_11_24H2-Mingw-Windows-Windows_11_24H2-X86_64.7z.sha256
2026-09-08 11:35:49,231 - aqt.helper - DEBUG - helper 2064 Attempt to download checksum at https://download.qt.io/online/qtsdkrepository/windows_x86/desktop/qt6_6103/qt6_6103/qt.qt6.6103.win64_mingw/6.10.3-0-202603310407qtsvg-Windows-Windows_11_24H2-Mingw-Windows-Windows_11_24H2-X86_64.7z.sha256
2026-09-08 11:35:49,235 - aqt.helper - DEBUG - helper 6772 Attempt to download checksum at https://download.qt.io/online/qtsdkrepository/windows_x86/desktop/qt6_6103/qt6_6103/qt.qt6.6103.win64_mingw/6.10.3-0-202603310407qtdeclarative-Windows-Windows_11_24H2-Mingw-Windows-Windows_11_24H2-X86_64.7z.sha256
2026-09-08 11:35:49,241 - aqt.helper - DEBUG - helper 1876 Attempt to download checksum at https://download.qt.io/online/qtsdkrepository/windows_x86/desktop/qt6_6103/qt6_6103/qt.qt6.6103.win64_mingw/6.10.3-0-202603310407qttools-Windows-Windows_11_24H2-Mingw-Windows-Windows_11_24H2-X86_64.7z.sha256
2026-09-08 11:35:50,730 - aqt.helper - INFO - helper 2064 Downloading qtsvg...
2026-09-08 11:35:50,735 - aqt.helper - INFO - helper 22836 Downloading qtbase...
2026-09-08 11:35:50,731 - aqt.installer - DEBUG - installer 2064 Download URL: https://download.qt.io/online/qtsdkrepository/windows_x86/desktop/qt6_6103/qt6_6103/qt.qt6.6103.win64_mingw/6.10.3-0-202603310407qtsvg-Windows-Windows_11_24H2-Mingw-Windows-Windows_11_24H2-X86_64.7z
2026-09-08 11:35:50,735 - aqt.installer - DEBUG - installer 22836 Download URL: https://download.qt.io/online/qtsdkrepository/windows_x86/desktop/qt6_6103/qt6_6103/qt.qt6.6103.win64_mingw/6.10.3-0-202603310407qtbase-Windows-Windows_11_24H2-Mingw-Windows-Windows_11_24H2-X86_64.7z
2026-09-08 11:35:50,804 - aqt.helper - INFO - helper 6772 Downloading qtdeclarative...
2026-09-08 11:35:50,804 - aqt.installer - DEBUG - installer 6772 Download URL: https://download.qt.io/online/qtsdkrepository/windows_x86/desktop/qt6_6103/qt6_6103/qt.qt6.6103.win64_mingw/6.10.3-0-202603310407qtdeclarative-Windows-Windows_11_24H2-Mingw-Windows-Windows_11_24H2-X86_64.7z
2026-09-08 11:35:50,949 - aqt.helper - INFO - helper 1876 Downloading qttools...
2026-09-08 11:35:50,949 - aqt.installer - DEBUG - installer 1876 Download URL: https://download.qt.io/online/qtsdkrepository/windows_x86/desktop/qt6_6103/qt6_6103/qt.qt6.6103.win64_mingw/6.10.3-0-202603310407qttools-Windows-Windows_11_24H2-Mingw-Windows-Windows_11_24H2-X86_64.7z
2026-09-08 11:35:52,132 - aqt.helper - DEBUG - helper 2064 Asked to redirect(302) to: https://qt.mirror.constant.com/online/qtsdkrepository/windows_x86/desktop/qt6_6103/qt6_6103/qt.qt6.6103.win64_mingw/6.10.3-0-202603310407qtsvg-Windows-Windows_11_24H2-Mingw-Windows-Windows_11_24H2-X86_64.7z
2026-09-08 11:35:52,132 - aqt.helper - INFO - helper 2064 Redirected: qt.mirror.constant.com
2026-09-08 11:35:52,138 - aqt.helper - DEBUG - helper 22836 Asked to redirect(302) to: https://qt.mirror.constant.com/online/qtsdkrepository/windows_x86/desktop/qt6_6103/qt6_6103/qt.qt6.6103.win64_mingw/6.10.3-0-202603310407qtbase-Windows-Windows_11_24H2-Mingw-Windows-Windows_11_24H2-X86_64.7z
2026-09-08 11:35:52,138 - aqt.helper - INFO - helper 22836 Redirected: qt.mirror.constant.com
2026-09-08 11:35:52,308 - aqt.helper - DEBUG - helper 1876 Asked to redirect(302) to: https://qt.mirror.constant.com/online/qtsdkrepository/windows_x86/desktop/qt6_6103/qt6_6103/qt.qt6.6103.win64_mingw/6.10.3-0-202603310407qttools-Windows-Windows_11_24H2-Mingw-Windows-Windows_11_24H2-X86_64.7z
2026-09-08 11:35:52,308 - aqt.helper - INFO - helper 1876 Redirected: qt.mirror.constant.com
2026-09-08 11:35:52,387 - aqt.helper - DEBUG - helper 6772 Asked to redirect(302) to: https://qt.mirror.constant.com/online/qtsdkrepository/windows_x86/desktop/qt6_6103/qt6_6103/qt.qt6.6103.win64_mingw/6.10.3-0-202603310407qtdeclarative-Windows-Windows_11_24H2-Mingw-Windows-Windows_11_24H2-X86_64.7z
2026-09-08 11:35:52,387 - aqt.helper - INFO - helper 6772 Redirected: qt.mirror.constant.com
2026-09-08 11:35:53,775 - aqt.installer - INFO - installer 2064 Finished installation of qtsvg-Windows-Windows_11_24H2-Mingw-Windows-Windows_11_24H2-X86_64.7z in 4.54607700
2026-09-08 11:35:53,788 - aqt.helper - DEBUG - helper 2064 Attempt to download checksum at https://download.qt.io/online/qtsdkrepository/windows_x86/desktop/qt6_6103/qt6_6103/qt.qt6.6103.win64_mingw/6.10.3-0-202603310407qttranslations-Windows-Windows_11_24H2-Mingw-Windows-Windows_11_24H2-X86_64.7z.sha256
2026-09-08 11:35:55,791 - aqt.helper - INFO - helper 2064 Downloading qttranslations...
2026-09-08 11:35:55,792 - aqt.installer - DEBUG - installer 2064 Download URL: https://download.qt.io/online/qtsdkrepository/windows_x86/desktop/qt6_6103/qt6_6103/qt.qt6.6103.win64_mingw/6.10.3-0-202603310407qttranslations-Windows-Windows_11_24H2-Mingw-Windows-Windows_11_24H2-X86_64.7z
2026-09-08 11:35:57,342 - aqt.helper - DEBUG - helper 2064 Asked to redirect(302) to: https://qt.mirror.constant.com/online/qtsdkrepository/windows_x86/desktop/qt6_6103/qt6_6103/qt.qt6.6103.win64_mingw/6.10.3-0-202603310407qttranslations-Windows-Windows_11_24H2-Mingw-Windows-Windows_11_24H2-X86_64.7z
2026-09-08 11:35:57,342 - aqt.helper - INFO - helper 2064 Redirected: qt.mirror.constant.com
2026-09-08 11:35:58,852 - aqt.installer - INFO - installer 1876 Finished installation of qttools-Windows-Windows_11_24H2-Mingw-Windows-Windows_11_24H2-X86_64.7z in 9.61327930
2026-09-08 11:35:58,868 - aqt.helper - DEBUG - helper 1876 Attempt to download checksum at https://download.qt.io/online/qtsdkrepository/windows_x86/desktop/qt6_6103/qt6_6103/qt.qt6.6103.win64_mingw/6.10.3-0-202603310407MinGW-w64-x86_64-13.1.0-release-posix-seh-msvcrt-rt_v11-rev1-runtime.7z.sha256
2026-09-08 11:36:00,198 - aqt.installer - INFO - installer 2064 Finished installation of qttranslations-Windows-Windows_11_24H2-Mingw-Windows-Windows_11_24H2-X86_64.7z in 6.41263620
2026-09-08 11:36:00,213 - aqt.helper - DEBUG - helper 2064 Attempt to download checksum at https://download.qt.io/online/qtsdkrepository/windows_x86/desktop/qt6_6103/qt6_6103/qt.qt6.6103.win64_mingw/6.10.3-0-202603310407d3dcompiler_47-x64.7z.sha256
2026-09-08 11:36:00,349 - aqt.helper - INFO - helper 1876 Downloading MinGW...
2026-09-08 11:36:00,349 - aqt.installer - DEBUG - installer 1876 Download URL: https://download.qt.io/online/qtsdkrepository/windows_x86/desktop/qt6_6103/qt6_6103/qt.qt6.6103.win64_mingw/6.10.3-0-202603310407MinGW-w64-x86_64-13.1.0-release-posix-seh-msvcrt-rt_v11-rev1-runtime.7z
2026-09-08 11:36:01,691 - aqt.helper - INFO - helper 2064 Downloading d3dcompiler_47...
2026-09-08 11:36:01,691 - aqt.installer - DEBUG - installer 2064 Download URL: https://download.qt.io/online/qtsdkrepository/windows_x86/desktop/qt6_6103/qt6_6103/qt.qt6.6103.win64_mingw/6.10.3-0-202603310407d3dcompiler_47-x64.7z
2026-09-08 11:36:01,793 - aqt.helper - DEBUG - helper 1876 Asked to redirect(302) to: https://qt.mirror.constant.com/online/qtsdkrepository/windows_x86/desktop/qt6_6103/qt6_6103/qt.qt6.6103.win64_mingw/6.10.3-0-202603310407MinGW-w64-x86_64-13.1.0-release-posix-seh-msvcrt-rt_v11-rev1-runtime.7z
2026-09-08 11:36:01,794 - aqt.helper - INFO - helper 1876 Redirected: qt.mirror.constant.com
2026-09-08 11:36:03,312 - aqt.helper - DEBUG - helper 2064 Asked to redirect(302) to: https://qt.mirror.constant.com/online/qtsdkrepository/windows_x86/desktop/qt6_6103/qt6_6103/qt.qt6.6103.win64_mingw/6.10.3-0-202603310407d3dcompiler_47-x64.7z
2026-09-08 11:36:03,313 - aqt.helper - INFO - helper 2064 Redirected: qt.mirror.constant.com
2026-09-08 11:36:03,744 - aqt.installer - INFO - installer 22836 Finished installation of qtbase-Windows-Windows_11_24H2-Mingw-Windows-Windows_11_24H2-X86_64.7z in 14.51734870
2026-09-08 11:36:03,760 - aqt.helper - DEBUG - helper 22836 Attempt to download checksum at https://download.qt.io/online/qtsdkrepository/windows_x86/desktop/qt6_6103/qt6_6103/qt.qt6.6103.win64_mingw/6.10.3-0-202603310407opengl32sw-64-mesa_11_2_2-signed_sha256.7z.sha256
2026-09-08 11:36:03,994 - aqt.installer - INFO - installer 1876 Finished installation of MinGW-w64-x86_64-13.1.0-release-posix-seh-msvcrt-rt_v11-rev1-runtime.7z in 5.12829850
2026-09-08 11:36:05,187 - aqt.helper - INFO - helper 22836 Downloading opengl32sw...
2026-09-08 11:36:05,187 - aqt.installer - DEBUG - installer 22836 Download URL: https://download.qt.io/online/qtsdkrepository/windows_x86/desktop/qt6_6103/qt6_6103/qt.qt6.6103.win64_mingw/6.10.3-0-202603310407opengl32sw-64-mesa_11_2_2-signed_sha256.7z
2026-09-08 11:36:06,635 - aqt.helper - DEBUG - helper 22836 Asked to redirect(302) to: https://qt.mirror.constant.com/online/qtsdkrepository/windows_x86/desktop/qt6_6103/qt6_6103/qt.qt6.6103.win64_mingw/6.10.3-0-202603310407opengl32sw-64-mesa_11_2_2-signed_sha256.7z
2026-09-08 11:36:06,635 - aqt.helper - INFO - helper 22836 Redirected: qt.mirror.constant.com
2026-09-08 11:36:07,158 - aqt.installer - INFO - installer 2064 Finished installation of d3dcompiler_47-x64.7z in 6.94725790
2026-09-08 11:36:09,229 - aqt.installer - INFO - installer 22836 Finished installation of opengl32sw-64-mesa_11_2_2-signed_sha256.7z in 5.47119470
2026-09-08 11:36:29,091 - aqt.installer - INFO - installer 6772 Finished installation of qtdeclarative-Windows-Windows_11_24H2-Mingw-Windows-Windows_11_24H2-X86_64.7z in 39.85528940
2026-09-08 11:36:29,389 - aqt.updater - INFO - updater 23144 Patching C:\Users\jerry\AppData\Local\Qt\6.10.3\mingw_64\bin\qmake.exe
2026-09-08 11:36:29,395 - aqt.updater - INFO - updater 23144 Patching C:\Users\jerry\AppData\Local\Qt\6.10.3\mingw_64\lib\pkgconfig\Qt6Concurrent.pc
2026-09-08 11:36:29,402 - aqt.updater - INFO - updater 23144 Patching C:\Users\jerry\AppData\Local\Qt\6.10.3\mingw_64\lib\pkgconfig\Qt6Core.pc
2026-09-08 11:36:29,404 - aqt.updater - INFO - updater 23144 Patching C:\Users\jerry\AppData\Local\Qt\6.10.3\mingw_64\lib\pkgconfig\Qt6DBus.pc
2026-09-08 11:36:29,411 - aqt.updater - INFO - updater 23144 Patching C:\Users\jerry\AppData\Local\Qt\6.10.3\mingw_64\lib\pkgconfig\Qt6Designer.pc
2026-09-08 11:36:29,412 - aqt.updater - INFO - updater 23144 Patching C:\Users\jerry\AppData\Local\Qt\6.10.3\mingw_64\lib\pkgconfig\Qt6Gui.pc
2026-09-08 11:36:29,414 - aqt.updater - INFO - updater 23144 Patching C:\Users\jerry\AppData\Local\Qt\6.10.3\mingw_64\lib\pkgconfig\Qt6Help.pc
2026-09-08 11:36:29,415 - aqt.updater - INFO - updater 23144 Patching C:\Users\jerry\AppData\Local\Qt\6.10.3\mingw_64\lib\pkgconfig\Qt6LabsAnimation.pc
2026-09-08 11:36:29,417 - aqt.updater - INFO - updater 23144 Patching C:\Users\jerry\AppData\Local\Qt\6.10.3\mingw_64\lib\pkgconfig\Qt6LabsFolderListModel.pc
2026-09-08 11:36:29,418 - aqt.updater - INFO - updater 23144 Patching C:\Users\jerry\AppData\Local\Qt\6.10.3\mingw_64\lib\pkgconfig\Qt6LabsPlatform.pc
2026-09-08 11:36:29,420 - aqt.updater - INFO - updater 23144 Patching C:\Users\jerry\AppData\Local\Qt\6.10.3\mingw_64\lib\pkgconfig\Qt6LabsQmlModels.pc
2026-09-08 11:36:29,422 - aqt.updater - INFO - updater 23144 Patching C:\Users\jerry\AppData\Local\Qt\6.10.3\mingw_64\lib\pkgconfig\Qt6LabsSettings.pc
2026-09-08 11:36:29,424 - aqt.updater - INFO - updater 23144 Patching C:\Users\jerry\AppData\Local\Qt\6.10.3\mingw_64\lib\pkgconfig\Qt6LabsSharedImage.pc
2026-09-08 11:36:29,426 - aqt.updater - INFO - updater 23144 Patching C:\Users\jerry\AppData\Local\Qt\6.10.3\mingw_64\lib\pkgconfig\Qt6LabsSynchronizer.pc
2026-09-08 11:36:29,428 - aqt.updater - INFO - updater 23144 Patching C:\Users\jerry\AppData\Local\Qt\6.10.3\mingw_64\lib\pkgconfig\Qt6LabsWavefrontMesh.pc
2026-09-08 11:36:29,429 - aqt.updater - INFO - updater 23144 Patching C:\Users\jerry\AppData\Local\Qt\6.10.3\mingw_64\lib\pkgconfig\Qt6Linguist.pc
2026-09-08 11:36:29,430 - aqt.updater - INFO - updater 23144 Patching C:\Users\jerry\AppData\Local\Qt\6.10.3\mingw_64\lib\pkgconfig\Qt6Network.pc
2026-09-08 11:36:29,432 - aqt.updater - INFO - updater 23144 Patching C:\Users\jerry\AppData\Local\Qt\6.10.3\mingw_64\lib\pkgconfig\Qt6OpenGL.pc
2026-09-08 11:36:29,438 - aqt.updater - INFO - updater 23144 Patching C:\Users\jerry\AppData\Local\Qt\6.10.3\mingw_64\lib\pkgconfig\Qt6OpenGLWidgets.pc
2026-09-08 11:36:29,445 - aqt.updater - INFO - updater 23144 Patching C:\Users\jerry\AppData\Local\Qt\6.10.3\mingw_64\lib\pkgconfig\Qt6Platform.pc
2026-09-08 11:36:29,450 - aqt.updater - INFO - updater 23144 Patching C:\Users\jerry\AppData\Local\Qt\6.10.3\mingw_64\lib\pkgconfig\Qt6PrintSupport.pc
2026-09-08 11:36:29,452 - aqt.updater - INFO - updater 23144 Patching C:\Users\jerry\AppData\Local\Qt\6.10.3\mingw_64\lib\pkgconfig\Qt6Qml.pc
2026-09-08 11:36:29,454 - aqt.updater - INFO - updater 23144 Patching C:\Users\jerry\AppData\Local\Qt\6.10.3\mingw_64\lib\pkgconfig\Qt6QmlAssetDownloader.pc
2026-09-08 11:36:29,455 - aqt.updater - INFO - updater 23144 Patching C:\Users\jerry\AppData\Local\Qt\6.10.3\mingw_64\lib\pkgconfig\Qt6QmlCompiler.pc
2026-09-08 11:36:29,457 - aqt.updater - INFO - updater 23144 Patching C:\Users\jerry\AppData\Local\Qt\6.10.3\mingw_64\lib\pkgconfig\Qt6QmlCore.pc
2026-09-08 11:36:29,463 - aqt.updater - INFO - updater 23144 Patching C:\Users\jerry\AppData\Local\Qt\6.10.3\mingw_64\lib\pkgconfig\Qt6QmlIntegration.pc
2026-09-08 11:36:29,465 - aqt.updater - INFO - updater 23144 Patching C:\Users\jerry\AppData\Local\Qt\6.10.3\mingw_64\lib\pkgconfig\Qt6QmlLocalStorage.pc
2026-09-08 11:36:29,466 - aqt.updater - INFO - updater 23144 Patching C:\Users\jerry\AppData\Local\Qt\6.10.3\mingw_64\lib\pkgconfig\Qt6QmlMeta.pc
2026-09-08 11:36:29,468 - aqt.updater - INFO - updater 23144 Patching C:\Users\jerry\AppData\Local\Qt\6.10.3\mingw_64\lib\pkgconfig\Qt6QmlModels.pc
2026-09-08 11:36:29,469 - aqt.updater - INFO - updater 23144 Patching C:\Users\jerry\AppData\Local\Qt\6.10.3\mingw_64\lib\pkgconfig\Qt6QmlNetwork.pc
2026-09-08 11:36:29,472 - aqt.updater - INFO - updater 23144 Patching C:\Users\jerry\AppData\Local\Qt\6.10.3\mingw_64\lib\pkgconfig\Qt6QmlWorkerScript.pc
2026-09-08 11:36:29,474 - aqt.updater - INFO - updater 23144 Patching C:\Users\jerry\AppData\Local\Qt\6.10.3\mingw_64\lib\pkgconfig\Qt6QmlXmlListModel.pc
2026-09-08 11:36:29,475 - aqt.updater - INFO - updater 23144 Patching C:\Users\jerry\AppData\Local\Qt\6.10.3\mingw_64\lib\pkgconfig\Qt6Quick.pc
2026-09-08 11:36:29,483 - aqt.updater - INFO - updater 23144 Patching C:\Users\jerry\AppData\Local\Qt\6.10.3\mingw_64\lib\pkgconfig\Qt6QuickControls2.pc
2026-09-08 11:36:29,485 - aqt.updater - INFO - updater 23144 Patching C:\Users\jerry\AppData\Local\Qt\6.10.3\mingw_64\lib\pkgconfig\Qt6QuickControls2Basic.pc
2026-09-08 11:36:29,487 - aqt.updater - INFO - updater 23144 Patching C:\Users\jerry\AppData\Local\Qt\6.10.3\mingw_64\lib\pkgconfig\Qt6QuickControls2BasicStyleImpl.pc
2026-09-08 11:36:29,488 - aqt.updater - INFO - updater 23144 Patching C:\Users\jerry\AppData\Local\Qt\6.10.3\mingw_64\lib\pkgconfig\Qt6QuickControls2FluentWinUI3StyleImpl.pc
2026-09-08 11:36:29,490 - aqt.updater - INFO - updater 23144 Patching C:\Users\jerry\AppData\Local\Qt\6.10.3\mingw_64\lib\pkgconfig\Qt6QuickControls2Fusion.pc
2026-09-08 11:36:29,493 - aqt.updater - INFO - updater 23144 Patching C:\Users\jerry\AppData\Local\Qt\6.10.3\mingw_64\lib\pkgconfig\Qt6QuickControls2FusionStyleImpl.pc
2026-09-08 11:36:29,494 - aqt.updater - INFO - updater 23144 Patching C:\Users\jerry\AppData\Local\Qt\6.10.3\mingw_64\lib\pkgconfig\Qt6QuickControls2Imagine.pc
2026-09-08 11:36:29,502 - aqt.updater - INFO - updater 23144 Patching C:\Users\jerry\AppData\Local\Qt\6.10.3\mingw_64\lib\pkgconfig\Qt6QuickControls2ImagineStyleImpl.pc
2026-09-08 11:36:29,505 - aqt.updater - INFO - updater 23144 Patching C:\Users\jerry\AppData\Local\Qt\6.10.3\mingw_64\lib\pkgconfig\Qt6QuickControls2Impl.pc
2026-09-08 11:36:29,507 - aqt.updater - INFO - updater 23144 Patching C:\Users\jerry\AppData\Local\Qt\6.10.3\mingw_64\lib\pkgconfig\Qt6QuickControls2Material.pc
2026-09-08 11:36:29,508 - aqt.updater - INFO - updater 23144 Patching C:\Users\jerry\AppData\Local\Qt\6.10.3\mingw_64\lib\pkgconfig\Qt6QuickControls2MaterialStyleImpl.pc
2026-09-08 11:36:29,510 - aqt.updater - INFO - updater 23144 Patching C:\Users\jerry\AppData\Local\Qt\6.10.3\mingw_64\lib\pkgconfig\Qt6QuickControls2Universal.pc
2026-09-08 11:36:29,512 - aqt.updater - INFO - updater 23144 Patching C:\Users\jerry\AppData\Local\Qt\6.10.3\mingw_64\lib\pkgconfig\Qt6QuickControls2UniversalStyleImpl.pc
2026-09-08 11:36:29,514 - aqt.updater - INFO - updater 23144 Patching C:\Users\jerry\AppData\Local\Qt\6.10.3\mingw_64\lib\pkgconfig\Qt6QuickControls2WindowsStyleImpl.pc
2026-09-08 11:36:29,515 - aqt.updater - INFO - updater 23144 Patching C:\Users\jerry\AppData\Local\Qt\6.10.3\mingw_64\lib\pkgconfig\Qt6QuickDialogs2.pc
2026-09-08 11:36:29,516 - aqt.updater - INFO - updater 23144 Patching C:\Users\jerry\AppData\Local\Qt\6.10.3\mingw_64\lib\pkgconfig\Qt6QuickDialogs2QuickImpl.pc
2026-09-08 11:36:29,518 - aqt.updater - INFO - updater 23144 Patching C:\Users\jerry\AppData\Local\Qt\6.10.3\mingw_64\lib\pkgconfig\Qt6QuickDialogs2Utils.pc
2026-09-08 11:36:29,520 - aqt.updater - INFO - updater 23144 Patching C:\Users\jerry\AppData\Local\Qt\6.10.3\mingw_64\lib\pkgconfig\Qt6QuickEffects.pc
2026-09-08 11:36:29,522 - aqt.updater - INFO - updater 23144 Patching C:\Users\jerry\AppData\Local\Qt\6.10.3\mingw_64\lib\pkgconfig\Qt6QuickLayouts.pc
2026-09-08 11:36:29,532 - aqt.updater - INFO - updater 23144 Patching C:\Users\jerry\AppData\Local\Qt\6.10.3\mingw_64\lib\pkgconfig\Qt6QuickTemplates2.pc
2026-09-08 11:36:29,534 - aqt.updater - INFO - updater 23144 Patching C:\Users\jerry\AppData\Local\Qt\6.10.3\mingw_64\lib\pkgconfig\Qt6QuickTest.pc
2026-09-08 11:36:29,535 - aqt.updater - INFO - updater 23144 Patching C:\Users\jerry\AppData\Local\Qt\6.10.3\mingw_64\lib\pkgconfig\Qt6QuickVectorImage.pc
2026-09-08 11:36:29,538 - aqt.updater - INFO - updater 23144 Patching C:\Users\jerry\AppData\Local\Qt\6.10.3\mingw_64\lib\pkgconfig\Qt6QuickVectorImageHelpers.pc
2026-09-08 11:36:29,545 - aqt.updater - INFO - updater 23144 Patching C:\Users\jerry\AppData\Local\Qt\6.10.3\mingw_64\lib\pkgconfig\Qt6QuickWidgets.pc
2026-09-08 11:36:29,547 - aqt.updater - INFO - updater 23144 Patching C:\Users\jerry\AppData\Local\Qt\6.10.3\mingw_64\lib\pkgconfig\Qt6Sql.pc
2026-09-08 11:36:29,548 - aqt.updater - INFO - updater 23144 Patching C:\Users\jerry\AppData\Local\Qt\6.10.3\mingw_64\lib\pkgconfig\Qt6Svg.pc
2026-09-08 11:36:29,550 - aqt.updater - INFO - updater 23144 Patching C:\Users\jerry\AppData\Local\Qt\6.10.3\mingw_64\lib\pkgconfig\Qt6SvgWidgets.pc
2026-09-08 11:36:29,557 - aqt.updater - INFO - updater 23144 Patching C:\Users\jerry\AppData\Local\Qt\6.10.3\mingw_64\lib\pkgconfig\Qt6Test.pc
2026-09-08 11:36:29,559 - aqt.updater - INFO - updater 23144 Patching C:\Users\jerry\AppData\Local\Qt\6.10.3\mingw_64\lib\pkgconfig\Qt6UiPlugin.pc
2026-09-08 11:36:29,561 - aqt.updater - INFO - updater 23144 Patching C:\Users\jerry\AppData\Local\Qt\6.10.3\mingw_64\lib\pkgconfig\Qt6UiTools.pc
2026-09-08 11:36:29,562 - aqt.updater - INFO - updater 23144 Patching C:\Users\jerry\AppData\Local\Qt\6.10.3\mingw_64\lib\pkgconfig\Qt6Widgets.pc
2026-09-08 11:36:29,563 - aqt.updater - INFO - updater 23144 Patching C:\Users\jerry\AppData\Local\Qt\6.10.3\mingw_64\lib\pkgconfig\Qt6Xml.pc
2026-09-08 11:36:29,567 - aqt.updater - INFO - updater 23144 Patching C:\Users\jerry\AppData\Local\Qt\6.10.3\mingw_64\lib\Qt6Concurrent.prl
2026-09-08 11:36:29,568 - aqt.updater - INFO - updater 23144 Patching C:\Users\jerry\AppData\Local\Qt\6.10.3\mingw_64\lib\Qt6Core.prl
2026-09-08 11:36:29,570 - aqt.updater - INFO - updater 23144 Patching C:\Users\jerry\AppData\Local\Qt\6.10.3\mingw_64\lib\Qt6DBus.prl
2026-09-08 11:36:29,577 - aqt.updater - INFO - updater 23144 Patching C:\Users\jerry\AppData\Local\Qt\6.10.3\mingw_64\lib\Qt6Designer.prl
2026-09-08 11:36:29,585 - aqt.updater - INFO - updater 23144 Patching C:\Users\jerry\AppData\Local\Qt\6.10.3\mingw_64\lib\Qt6DesignerComponents.prl
2026-09-08 11:36:29,587 - aqt.updater - INFO - updater 23144 Patching C:\Users\jerry\AppData\Local\Qt\6.10.3\mingw_64\lib\Qt6DeviceDiscoverySupport.prl
2026-09-08 11:36:29,589 - aqt.updater - INFO - updater 23144 Patching C:\Users\jerry\AppData\Local\Qt\6.10.3\mingw_64\lib\Qt6EntryPoint.prl
2026-09-08 11:36:29,591 - aqt.updater - INFO - updater 23144 Patching C:\Users\jerry\AppData\Local\Qt\6.10.3\mingw_64\lib\Qt6ExampleIcons.prl
2026-09-08 11:36:29,593 - aqt.updater - INFO - updater 23144 Patching C:\Users\jerry\AppData\Local\Qt\6.10.3\mingw_64\lib\Qt6ExamplesAssetDownloader.prl
2026-09-08 11:36:29,600 - aqt.updater - INFO - updater 23144 Patching C:\Users\jerry\AppData\Local\Qt\6.10.3\mingw_64\lib\Qt6FbSupport.prl
2026-09-08 11:36:29,602 - aqt.updater - INFO - updater 23144 Patching C:\Users\jerry\AppData\Local\Qt\6.10.3\mingw_64\lib\Qt6Gui.prl
2026-09-08 11:36:29,604 - aqt.updater - INFO - updater 23144 Patching C:\Users\jerry\AppData\Local\Qt\6.10.3\mingw_64\lib\Qt6Help.prl
2026-09-08 11:36:29,607 - aqt.updater - INFO - updater 23144 Patching C:\Users\jerry\AppData\Local\Qt\6.10.3\mingw_64\lib\Qt6LabsAnimation.prl
2026-09-08 11:36:29,609 - aqt.updater - INFO - updater 23144 Patching C:\Users\jerry\AppData\Local\Qt\6.10.3\mingw_64\lib\Qt6LabsFolderListModel.prl
2026-09-08 11:36:29,610 - aqt.updater - INFO - updater 23144 Patching C:\Users\jerry\AppData\Local\Qt\6.10.3\mingw_64\lib\Qt6LabsPlatform.prl
2026-09-08 11:36:29,611 - aqt.updater - INFO - updater 23144 Patching C:\Users\jerry\AppData\Local\Qt\6.10.3\mingw_64\lib\Qt6LabsQmlModels.prl
2026-09-08 11:36:29,613 - aqt.updater - INFO - updater 23144 Patching C:\Users\jerry\AppData\Local\Qt\6.10.3\mingw_64\lib\Qt6LabsSettings.prl
2026-09-08 11:36:29,614 - aqt.updater - INFO - updater 23144 Patching C:\Users\jerry\AppData\Local\Qt\6.10.3\mingw_64\lib\Qt6LabsSharedImage.prl
2026-09-08 11:36:29,616 - aqt.updater - INFO - updater 23144 Patching C:\Users\jerry\AppData\Local\Qt\6.10.3\mingw_64\lib\Qt6LabsSynchronizer.prl
2026-09-08 11:36:29,617 - aqt.updater - INFO - updater 23144 Patching C:\Users\jerry\AppData\Local\Qt\6.10.3\mingw_64\lib\Qt6LabsWavefrontMesh.prl
2026-09-08 11:36:29,625 - aqt.updater - INFO - updater 23144 Patching C:\Users\jerry\AppData\Local\Qt\6.10.3\mingw_64\lib\Qt6Network.prl
2026-09-08 11:36:29,626 - aqt.updater - INFO - updater 23144 Patching C:\Users\jerry\AppData\Local\Qt\6.10.3\mingw_64\lib\Qt6OpenGL.prl
2026-09-08 11:36:29,628 - aqt.updater - INFO - updater 23144 Patching C:\Users\jerry\AppData\Local\Qt\6.10.3\mingw_64\lib\Qt6OpenGLWidgets.prl
2026-09-08 11:36:29,629 - aqt.updater - INFO - updater 23144 Patching C:\Users\jerry\AppData\Local\Qt\6.10.3\mingw_64\lib\Qt6PacketProtocol.prl
2026-09-08 11:36:29,631 - aqt.updater - INFO - updater 23144 Patching C:\Users\jerry\AppData\Local\Qt\6.10.3\mingw_64\lib\Qt6PrintSupport.prl
2026-09-08 11:36:29,637 - aqt.updater - INFO - updater 23144 Patching C:\Users\jerry\AppData\Local\Qt\6.10.3\mingw_64\lib\Qt6Qml.prl
2026-09-08 11:36:29,639 - aqt.updater - INFO - updater 23144 Patching C:\Users\jerry\AppData\Local\Qt\6.10.3\mingw_64\lib\Qt6QmlAssetDownloader.prl
2026-09-08 11:36:29,641 - aqt.updater - INFO - updater 23144 Patching C:\Users\jerry\AppData\Local\Qt\6.10.3\mingw_64\lib\Qt6QmlCompiler.prl
2026-09-08 11:36:29,642 - aqt.updater - INFO - updater 23144 Patching C:\Users\jerry\AppData\Local\Qt\6.10.3\mingw_64\lib\Qt6QmlCore.prl
2026-09-08 11:36:29,643 - aqt.updater - INFO - updater 23144 Patching C:\Users\jerry\AppData\Local\Qt\6.10.3\mingw_64\lib\Qt6QmlDebug.prl
2026-09-08 11:36:29,645 - aqt.updater - INFO - updater 23144 Patching C:\Users\jerry\AppData\Local\Qt\6.10.3\mingw_64\lib\Qt6QmlDom.prl
2026-09-08 11:36:29,647 - aqt.updater - INFO - updater 23144 Patching C:\Users\jerry\AppData\Local\Qt\6.10.3\mingw_64\lib\Qt6QmlFormat.prl
2026-09-08 11:36:29,648 - aqt.updater - INFO - updater 23144 Patching C:\Users\jerry\AppData\Local\Qt\6.10.3\mingw_64\lib\Qt6QmlLocalStorage.prl
2026-09-08 11:36:29,656 - aqt.updater - INFO - updater 23144 Patching C:\Users\jerry\AppData\Local\Qt\6.10.3\mingw_64\lib\Qt6QmlLS.prl
2026-09-08 11:36:29,658 - aqt.updater - INFO - updater 23144 Patching C:\Users\jerry\AppData\Local\Qt\6.10.3\mingw_64\lib\Qt6QmlMeta.prl
2026-09-08 11:36:29,660 - aqt.updater - INFO - updater 23144 Patching C:\Users\jerry\AppData\Local\Qt\6.10.3\mingw_64\lib\Qt6QmlModels.prl
2026-09-08 11:36:29,662 - aqt.updater - INFO - updater 23144 Patching C:\Users\jerry\AppData\Local\Qt\6.10.3\mingw_64\lib\Qt6QmlNetwork.prl
2026-09-08 11:36:29,663 - aqt.updater - INFO - updater 23144 Patching C:\Users\jerry\AppData\Local\Qt\6.10.3\mingw_64\lib\Qt6QmlToolingSettings.prl
2026-09-08 11:36:29,674 - aqt.updater - INFO - updater 23144 Patching C:\Users\jerry\AppData\Local\Qt\6.10.3\mingw_64\lib\Qt6QmlTypeRegistrar.prl
2026-09-08 11:36:29,676 - aqt.updater - INFO - updater 23144 Patching C:\Users\jerry\AppData\Local\Qt\6.10.3\mingw_64\lib\Qt6QmlWorkerScript.prl
2026-09-08 11:36:29,677 - aqt.updater - INFO - updater 23144 Patching C:\Users\jerry\AppData\Local\Qt\6.10.3\mingw_64\lib\Qt6QmlXmlListModel.prl
2026-09-08 11:36:29,678 - aqt.updater - INFO - updater 23144 Patching C:\Users\jerry\AppData\Local\Qt\6.10.3\mingw_64\lib\Qt6Quick.prl
2026-09-08 11:36:29,680 - aqt.updater - INFO - updater 23144 Patching C:\Users\jerry\AppData\Local\Qt\6.10.3\mingw_64\lib\Qt6QuickControls2.prl
2026-09-08 11:36:29,682 - aqt.updater - INFO - updater 23144 Patching C:\Users\jerry\AppData\Local\Qt\6.10.3\mingw_64\lib\Qt6QuickControls2Basic.prl
2026-09-08 11:36:29,688 - aqt.updater - INFO - updater 23144 Patching C:\Users\jerry\AppData\Local\Qt\6.10.3\mingw_64\lib\Qt6QuickControls2BasicStyleImpl.prl
2026-09-08 11:36:29,696 - aqt.updater - INFO - updater 23144 Patching C:\Users\jerry\AppData\Local\Qt\6.10.3\mingw_64\lib\Qt6QuickControls2FluentWinUI3StyleImpl.prl
2026-09-08 11:36:29,697 - aqt.updater - INFO - updater 23144 Patching C:\Users\jerry\AppData\Local\Qt\6.10.3\mingw_64\lib\Qt6QuickControls2Fusion.prl
2026-09-08 11:36:29,698 - aqt.updater - INFO - updater 23144 Patching C:\Users\jerry\AppData\Local\Qt\6.10.3\mingw_64\lib\Qt6QuickControls2FusionStyleImpl.prl
2026-09-08 11:36:29,700 - aqt.updater - INFO - updater 23144 Patching C:\Users\jerry\AppData\Local\Qt\6.10.3\mingw_64\lib\Qt6QuickControls2Imagine.prl
2026-09-08 11:36:29,701 - aqt.updater - INFO - updater 23144 Patching C:\Users\jerry\AppData\Local\Qt\6.10.3\mingw_64\lib\Qt6QuickControls2ImagineStyleImpl.prl
2026-09-08 11:36:29,710 - aqt.updater - INFO - updater 23144 Patching C:\Users\jerry\AppData\Local\Qt\6.10.3\mingw_64\lib\Qt6QuickControls2Impl.prl
2026-09-08 11:36:29,711 - aqt.updater - INFO - updater 23144 Patching C:\Users\jerry\AppData\Local\Qt\6.10.3\mingw_64\lib\Qt6QuickControls2Material.prl
2026-09-08 11:36:29,713 - aqt.updater - INFO - updater 23144 Patching C:\Users\jerry\AppData\Local\Qt\6.10.3\mingw_64\lib\Qt6QuickControls2MaterialStyleImpl.prl
2026-09-08 11:36:29,714 - aqt.updater - INFO - updater 23144 Patching C:\Users\jerry\AppData\Local\Qt\6.10.3\mingw_64\lib\Qt6QuickControls2Universal.prl
2026-09-08 11:36:29,716 - aqt.updater - INFO - updater 23144 Patching C:\Users\jerry\AppData\Local\Qt\6.10.3\mingw_64\lib\Qt6QuickControls2UniversalStyleImpl.prl
2026-09-08 11:36:29,718 - aqt.updater - INFO - updater 23144 Patching C:\Users\jerry\AppData\Local\Qt\6.10.3\mingw_64\lib\Qt6QuickControls2WindowsStyleImpl.prl
2026-09-08 11:36:29,719 - aqt.updater - INFO - updater 23144 Patching C:\Users\jerry\AppData\Local\Qt\6.10.3\mingw_64\lib\Qt6QuickControlsTestUtils.prl
2026-09-08 11:36:29,721 - aqt.updater - INFO - updater 23144 Patching C:\Users\jerry\AppData\Local\Qt\6.10.3\mingw_64\lib\Qt6QuickDialogs2.prl
2026-09-08 11:36:29,724 - aqt.updater - INFO - updater 23144 Patching C:\Users\jerry\AppData\Local\Qt\6.10.3\mingw_64\lib\Qt6QuickDialogs2QuickImpl.prl
2026-09-08 11:36:29,734 - aqt.updater - INFO - updater 23144 Patching C:\Users\jerry\AppData\Local\Qt\6.10.3\mingw_64\lib\Qt6QuickDialogs2Utils.prl
2026-09-08 11:36:29,737 - aqt.updater - INFO - updater 23144 Patching C:\Users\jerry\AppData\Local\Qt\6.10.3\mingw_64\lib\Qt6QuickEffects.prl
2026-09-08 11:36:29,746 - aqt.updater - INFO - updater 23144 Patching C:\Users\jerry\AppData\Local\Qt\6.10.3\mingw_64\lib\Qt6QuickLayouts.prl
2026-09-08 11:36:29,749 - aqt.updater - INFO - updater 23144 Patching C:\Users\jerry\AppData\Local\Qt\6.10.3\mingw_64\lib\Qt6QuickParticles.prl
2026-09-08 11:36:29,751 - aqt.updater - INFO - updater 23144 Patching C:\Users\jerry\AppData\Local\Qt\6.10.3\mingw_64\lib\Qt6QuickShapes.prl
2026-09-08 11:36:29,754 - aqt.updater - INFO - updater 23144 Patching C:\Users\jerry\AppData\Local\Qt\6.10.3\mingw_64\lib\Qt6QuickShapesDesignHelpers.prl
2026-09-08 11:36:29,758 - aqt.updater - INFO - updater 23144 Patching C:\Users\jerry\AppData\Local\Qt\6.10.3\mingw_64\lib\Qt6QuickTemplates2.prl
2026-09-08 11:36:29,760 - aqt.updater - INFO - updater 23144 Patching C:\Users\jerry\AppData\Local\Qt\6.10.3\mingw_64\lib\Qt6QuickTest.prl
2026-09-08 11:36:29,769 - aqt.updater - INFO - updater 23144 Patching C:\Users\jerry\AppData\Local\Qt\6.10.3\mingw_64\lib\Qt6QuickTestUtils.prl
2026-09-08 11:36:29,772 - aqt.updater - INFO - updater 23144 Patching C:\Users\jerry\AppData\Local\Qt\6.10.3\mingw_64\lib\Qt6QuickVectorImage.prl
2026-09-08 11:36:29,774 - aqt.updater - INFO - updater 23144 Patching C:\Users\jerry\AppData\Local\Qt\6.10.3\mingw_64\lib\Qt6QuickVectorImageGenerator.prl
2026-09-08 11:36:29,783 - aqt.updater - INFO - updater 23144 Patching C:\Users\jerry\AppData\Local\Qt\6.10.3\mingw_64\lib\Qt6QuickVectorImageHelpers.prl
2026-09-08 11:36:29,784 - aqt.updater - INFO - updater 23144 Patching C:\Users\jerry\AppData\Local\Qt\6.10.3\mingw_64\lib\Qt6QuickWidgets.prl
2026-09-08 11:36:29,786 - aqt.updater - INFO - updater 23144 Patching C:\Users\jerry\AppData\Local\Qt\6.10.3\mingw_64\lib\Qt6Sql.prl
2026-09-08 11:36:29,789 - aqt.updater - INFO - updater 23144 Patching C:\Users\jerry\AppData\Local\Qt\6.10.3\mingw_64\lib\Qt6Svg.prl
2026-09-08 11:36:29,791 - aqt.updater - INFO - updater 23144 Patching C:\Users\jerry\AppData\Local\Qt\6.10.3\mingw_64\lib\Qt6SvgWidgets.prl
2026-09-08 11:36:29,792 - aqt.updater - INFO - updater 23144 Patching C:\Users\jerry\AppData\Local\Qt\6.10.3\mingw_64\lib\Qt6Test.prl
2026-09-08 11:36:29,794 - aqt.updater - INFO - updater 23144 Patching C:\Users\jerry\AppData\Local\Qt\6.10.3\mingw_64\lib\Qt6UiTools.prl
2026-09-08 11:36:29,795 - aqt.updater - INFO - updater 23144 Patching C:\Users\jerry\AppData\Local\Qt\6.10.3\mingw_64\lib\Qt6Widgets.prl
2026-09-08 11:36:29,797 - aqt.updater - INFO - updater 23144 Patching C:\Users\jerry\AppData\Local\Qt\6.10.3\mingw_64\lib\Qt6Xml.prl
2026-09-08 11:36:29,806 - aqt.main - INFO - installer 23144 Finished installation
2026-09-08 11:36:29,806 - aqt.main - INFO - installer 23144 Time elapsed: 55.63474810 second
2026-09-08 11:36:30,187 - aqt.main - INFO - installer 22796 aqtinstall(aqt) v3.3.0 on Python 3.13.6 [CPython MSC v.1944 64 bit (AMD64)]
2026-09-08 11:36:30,187 - aqt.helper - DEBUG - helper 22796 Attempt to download checksum at https://download.qt.io/online/qtsdkrepository/windows_x86/desktop/tools_mingw1310/Updates.xml.sha256
2026-09-08 11:36:33,368 - aqt.helper - DEBUG - helper 22796 Attempt to download checksum at https://download.qt.io/online/qtsdkrepository/windows_x86/desktop/tools_mingw1310/Updates.xml.sha256
2026-09-08 11:36:36,596 - aqt.helper - DEBUG - helper 24044 Attempt to download checksum at https://download.qt.io/online/qtsdkrepository/windows_x86/desktop/tools_mingw1310/qt.tools.win64_mingw1310/13.1.0-202407240918mingw1310.7z.sha256
2026-09-08 11:36:38,017 - aqt.helper - INFO - helper 24044 Downloading qt.tools.win64_mingw1310...
2026-09-08 11:36:38,018 - aqt.installer - DEBUG - installer 24044 Download URL: https://download.qt.io/online/qtsdkrepository/windows_x86/desktop/tools_mingw1310/qt.tools.win64_mingw1310/13.1.0-202407240918mingw1310.7z
2026-09-08 11:36:40,870 - aqt.helper - DEBUG - helper 24044 Asked to redirect(302) to: https://qt.mirror.constant.com/online/qtsdkrepository/windows_x86/desktop/tools_mingw1310/qt.tools.win64_mingw1310/13.1.0-202407240918mingw1310.7z
2026-09-08 11:36:40,871 - aqt.helper - INFO - helper 24044 Redirected: qt.mirror.constant.com
2026-09-08 11:37:31,499 - aqt.installer - INFO - installer 24044 Finished installation of mingw1310.7z in 54.90206030
2026-09-08 11:37:31,595 - aqt.main - INFO - installer 22796 Finished installation
2026-09-08 11:37:31,595 - aqt.main - INFO - installer 22796 Time elapsed: 61.40357220 second
